id,date,mime,title,filename,url
1004,2022-09-09,application/pdf,Relatório-Analítico_eleições-1998,Relatorio-Analitico_eleicoes-1998.pdf,https://www.lab-doxa.org.br/wp-content/uploads/2022/09/Relatorio-Analitico_eleicoes-1998.pdf
994,2022-09-09,application/pdf,DIAS_1995,DIAS_1995.pdf,https://www.lab-doxa.org.br/wp-content/uploads/2022/09/DIAS_1995.pdf
993,2022-09-09,application/pdf,VEIGA_1996,VEIGA_1996.pdf,https://www.lab-doxa.org.br/wp-content/uploads/2022/09/VEIGA_1996.pdf
992,2022-09-09,application/pdf,OLIVEIRA_1999,OLIVEIRA_1999.pdf,https://www.lab-doxa.org.br/wp-content/uploads/2022/09/OLIVEIRA_1999.pdf
991,2022-09-09,application/pdf,CAMARGOS_1999,CAMARGOS_1999.pdf,https://www.lab-doxa.org.br/wp-content/uploads/2022/09/CAMARGOS_1999.pdf
985,2022-09-09,application/pdf,ALDÉ_2001,ALDE_2001.pdf,https://www.lab-doxa.org.br/wp-content/uploads/2022/09/ALDE_2001.pdf
980,2022-09-09,application/pdf,RIBEIRO_2003,RIBEIRO_2003.pdf,https://www.lab-doxa.org.br/wp-content/uploads/2022/09/RIBEIRO_2003.pdf
979,2022-09-09,application/pdf,JORGE_2003,JORGE_2003.pdf,https://www.lab-doxa.org.br/wp-content/uploads/2022/09/JORGE_2003.pdf
974,2022-09-09,application/pdf,MENDES_2004,MENDES_2004.pdf,https://www.lab-doxa.org.br/wp-content/uploads/2022/09/MENDES_2004.pdf
973,2022-09-09,application/pdf,DIAS_2005,DIAS_2005.pdf,https://www.lab-doxa.org.br/wp-content/uploads/2022/09/DIAS_2005.pdf
972,2022-09-09,application/pdf,BORBA_2005,BORBA_2005.pdf,https://www.lab-doxa.org.br/wp-content/uploads/2022/09/BORBA_2005.pdf
967,2022-09-09,application/pdf,URIZZI_2006,URIZZI_2006.pdf,https://www.lab-doxa.org.br/wp-content/uploads/2022/09/URIZZI_2006.pdf
966,2022-09-09,application/pdf,tese-lourenco,tese-lourenco.pdf,https://www.lab-doxa.org.br/wp-content/uploads/2022/09/tese-lourenco.pdf
965,2022-09-09,application/pdf,LAURENZA_2005,LAURENZA_2005.pdf,https://www.lab-doxa.org.br/wp-content/uploads/2022/09/LAURENZA_2005.pdf
964,2022-09-09,application/pdf,WEY_2006,WEY_2006.pdf,https://www.lab-doxa.org.br/wp-content/uploads/2022/09/WEY_2006.pdf
959,2022-09-09,application/pdf,OLIVEIRA_2005,OLIVEIRA_2005.pdf,https://www.lab-doxa.org.br/wp-content/uploads/2022/09/OLIVEIRA_2005.pdf
853,2022-09-09,application/pdf,BORBA_2012,BORBA_2012.pdf,https://www.lab-doxa.org.br/wp-content/uploads/2022/09/BORBA_2012.pdf
851,2022-09-09,application/pdf,VASCONCELLOS_2013,VASCONCELLOS_2013.pdf,https://www.lab-doxa.org.br/wp-content/uploads/2022/09/VASCONCELLOS_2013.pdf
849,2022-09-09,application/pdf,Natalia-Maciel_tese-depositada,Natalia-Maciel_tese-depositada.pdf,https://www.lab-doxa.org.br/wp-content/uploads/2022/09/Natalia-Maciel_tese-depositada.pdf
844,2022-09-09,application/pdf,Maciel_Personal-Vote-and-Proportional-Representation,Maciel_Personal-Vote-and-Proportional-Representation.pdf,https://www.lab-doxa.org.br/wp-content/uploads/2022/09/Maciel_Personal-Vote-and-Proportional-Representation.pdf
1663,2022-10-17,application/pdf,Pandemia e mercado de trabalho no Rio de Janeiro,Pandemia-e-mercado-de-trabalho-no-Rio-de-Janeiro.pdf,https://www.lab-doxa.org.br/wp-content/uploads/2022/10/Pandemia-e-mercado-de-trabalho-no-Rio-de-Janeiro.pdf
1662,2022-10-17,application/pdf,3.3.BIBLIO_LISTAGEM POR CITACAO BRASIL,3.3.BIBLIO_LISTAGEM-POR-CITACAO-BRASIL.pdf,https://www.lab-doxa.org.br/wp-content/uploads/2022/10/3.3.BIBLIO_LISTAGEM-POR-CITACAO-BRASIL.pdf
1661,2022-10-17,application/pdf,3.2.BIBLIO_LISTAGEM POR TEMA,3.2.BIBLIO_LISTAGEM-POR-TEMA.pdf,https://www.lab-doxa.org.br/wp-content/uploads/2022/10/3.2.BIBLIO_LISTAGEM-POR-TEMA.pdf
1660,2022-10-17,application/pdf,3.1. BIBLIO_ Introducao,3.1.-BIBLIO_-Introducao.pdf,https://www.lab-doxa.org.br/wp-content/uploads/2022/10/3.1.-BIBLIO_-Introducao.pdf
1659,2022-10-17,application/pdf,3.4. BIBLIO_LINKS ABSTRACTS POR TEMA,3.4.-BIBLIO_LINKS-ABSTRACTS-POR-TEMA.pdf,https://www.lab-doxa.org.br/wp-content/uploads/2022/10/3.4.-BIBLIO_LINKS-ABSTRACTS-POR-TEMA.pdf
1729,2022-10-20,application/pdf,PV – DE2002,PV-DE2002.pdf,https://www.lab-doxa.org.br/wp-content/uploads/2022/10/PV-DE2002.pdf
1728,2022-10-20,application/pdf,PTN – DE2002,PTN-DE2002.pdf,https://www.lab-doxa.org.br/wp-content/uploads/2022/10/PTN-DE2002.pdf
1727,2022-10-20,application/pdf,PTC – DE2002,PTC-DE2002.pdf,https://www.lab-doxa.org.br/wp-content/uploads/2022/10/PTC-DE2002.pdf
1726,2022-10-20,application/pdf,PTB – DE2002,PTB-DE2002.pdf,https://www.lab-doxa.org.br/wp-content/uploads/2022/10/PTB-DE2002.pdf
1725,2022-10-20,application/pdf,PT do B – DE2002,PT-do-B-DE2002.pdf,https://www.lab-doxa.org.br/wp-content/uploads/2022/10/PT-do-B-DE2002.pdf
1724,2022-10-20,application/pdf,PT – DE2002,PT-DE2002.pdf,https://www.lab-doxa.org.br/wp-content/uploads/2022/10/PT-DE2002.pdf
1723,2022-10-20,application/pdf,PSTU – DE2002,PSTU-DE2002.pdf,https://www.lab-doxa.org.br/wp-content/uploads/2022/10/PSTU-DE2002.pdf
1722,2022-10-20,application/pdf,PST – DE2002,PST-DE2002.pdf,https://www.lab-doxa.org.br/wp-content/uploads/2022/10/PST-DE2002.pdf
1721,2022-10-20,application/pdf,PSL – DE2002,PSL-DE2002.pdf,https://www.lab-doxa.org.br/wp-content/uploads/2022/10/PSL-DE2002.pdf
1720,2022-10-20,application/pdf,PSDC – DE2002,PSDC-DE2002.pdf,https://www.lab-doxa.org.br/wp-content/uploads/2022/10/PSDC-DE2002.pdf
1719,2022-10-20,application/pdf,PSDB – DE2002,PSDB-DE2002.pdf,https://www.lab-doxa.org.br/wp-content/uploads/2022/10/PSDB-DE2002.pdf
1718,2022-10-20,application/pdf,PSD – DE2002,PSD-DE2002.pdf,https://www.lab-doxa.org.br/wp-content/uploads/2022/10/PSD-DE2002.pdf
1717,2022-10-20,application/pdf,PSC – DE2002,PSC-DE2002.pdf,https://www.lab-doxa.org.br/wp-content/uploads/2022/10/PSC-DE2002.pdf
1716,2022-10-20,application/pdf,PSB – DE2002,PSB-DE2002.pdf,https://www.lab-doxa.org.br/wp-content/uploads/2022/10/PSB-DE2002.pdf
1715,2022-10-20,application/pdf,PRTB – DE2002,PRTB-DE2002.pdf,https://www.lab-doxa.org.br/wp-content/uploads/2022/10/PRTB-DE2002.pdf
1714,2022-10-20,application/pdf,PRP – DE2002,PRP-DE2002.pdf,https://www.lab-doxa.org.br/wp-content/uploads/2022/10/PRP-DE2002.pdf
1713,2022-10-20,application/pdf,PRONA – DE2002,PRONA-DE2002.pdf,https://www.lab-doxa.org.br/wp-content/uploads/2022/10/PRONA-DE2002.pdf
1712,2022-10-20,application/pdf,PR – DE2002,PR-DE2002.pdf,https://www.lab-doxa.org.br/wp-content/uploads/2022/10/PR-DE2002.pdf
1711,2022-10-20,application/pdf,PPS – DE2002,PPS-DE2002.pdf,https://www.lab-doxa.org.br/wp-content/uploads/2022/10/PPS-DE2002.pdf
1710,2022-10-20,application/pdf,PP – DE2002,PP-DE2002.pdf,https://www.lab-doxa.org.br/wp-content/uploads/2022/10/PP-DE2002.pdf
1709,2022-10-20,application/pdf,PMN – DE2002,PMN-DE2002.pdf,https://www.lab-doxa.org.br/wp-content/uploads/2022/10/PMN-DE2002.pdf
1708,2022-10-20,application/pdf,PMDB – DE2002,PMDB-DE2002.pdf,https://www.lab-doxa.org.br/wp-content/uploads/2022/10/PMDB-DE2002.pdf
1707,2022-10-20,application/pdf,PHS – DE2002,PHS-DE2002.pdf,https://www.lab-doxa.org.br/wp-content/uploads/2022/10/PHS-DE2002.pdf
1706,2022-10-20,application/pdf,PGT – DE2002,PGT-DE2002.pdf,https://www.lab-doxa.org.br/wp-content/uploads/2022/10/PGT-DE2002.pdf
1705,2022-10-20,application/pdf,PFL – DE2002,PFL-DE2002.pdf,https://www.lab-doxa.org.br/wp-content/uploads/2022/10/PFL-DE2002.pdf
1704,2022-10-20,application/pdf,PDT – DE2002,PDT-DE2002.pdf,https://www.lab-doxa.org.br/wp-content/uploads/2022/10/PDT-DE2002.pdf
1703,2022-10-20,application/pdf,PCO – DE2002,PCO-DE2002.pdf,https://www.lab-doxa.org.br/wp-content/uploads/2022/10/PCO-DE2002.pdf
1702,2022-10-20,application/pdf,PC do B – DE2002,PC-do-B-DE2002.pdf,https://www.lab-doxa.org.br/wp-content/uploads/2022/10/PC-do-B-DE2002.pdf
1701,2022-10-20,application/pdf,PAN – DE2002,PAN-DE2002.pdf,https://www.lab-doxa.org.br/wp-content/uploads/2022/10/PAN-DE2002.pdf
1966,2022-10-21,application/pdf,PTN – DE2006,PTN-DE2006.pdf,https://www.lab-doxa.org.br/wp-content/uploads/2022/10/PTN-DE2006.pdf
1965,2022-10-21,application/pdf,PTdoB – DE2006,PTdoB-DE2006.pdf,https://www.lab-doxa.org.br/wp-content/uploads/2022/10/PTdoB-DE2006.pdf
1964,2022-10-21,application/pdf,PTC – DE2006,PTC-DE2006.pdf,https://www.lab-doxa.org.br/wp-content/uploads/2022/10/PTC-DE2006.pdf
1963,2022-10-21,application/pdf,PTB – DE2006,PTB-DE2006.pdf,https://www.lab-doxa.org.br/wp-content/uploads/2022/10/PTB-DE2006.pdf
1962,2022-10-21,application/pdf,PT – DE2006,PT-DE2006.pdf,https://www.lab-doxa.org.br/wp-content/uploads/2022/10/PT-DE2006.pdf
1961,2022-10-21,application/pdf,PSTU – DE2006,PSTU-DE2006.pdf,https://www.lab-doxa.org.br/wp-content/uploads/2022/10/PSTU-DE2006.pdf
1960,2022-10-21,application/pdf,PSOL – DE2006,PSOL-DE2006.pdf,https://www.lab-doxa.org.br/wp-content/uploads/2022/10/PSOL-DE2006.pdf
1959,2022-10-21,application/pdf,PSL – DE2006,PSL-DE2006.pdf,https://www.lab-doxa.org.br/wp-content/uploads/2022/10/PSL-DE2006.pdf
1958,2022-10-21,application/pdf,PSDC – DE2006,PSDC-DE2006.pdf,https://www.lab-doxa.org.br/wp-content/uploads/2022/10/PSDC-DE2006.pdf
1957,2022-10-21,application/pdf,PSDB – DE2006,PSDB-DE2006.pdf,https://www.lab-doxa.org.br/wp-content/uploads/2022/10/PSDB-DE2006.pdf
1956,2022-10-21,application/pdf,PSC – DE2006,PSC-DE2006.pdf,https://www.lab-doxa.org.br/wp-content/uploads/2022/10/PSC-DE2006.pdf
1955,2022-10-21,application/pdf,PSB – DE2006,PSB-DE2006.pdf,https://www.lab-doxa.org.br/wp-content/uploads/2022/10/PSB-DE2006.pdf
1954,2022-10-21,application/pdf,PRTB – DE2006,PRTB-DE2006.pdf,https://www.lab-doxa.org.br/wp-content/uploads/2022/10/PRTB-DE2006.pdf
1952,2022-10-21,application/pdf,PRP – DE2006,PRP-DE2006.pdf,https://www.lab-doxa.org.br/wp-content/uploads/2022/10/PRP-DE2006.pdf
1951,2022-10-21,application/pdf,PRONA – DE2006,PRONA-DE2006.pdf,https://www.lab-doxa.org.br/wp-content/uploads/2022/10/PRONA-DE2006.pdf
1950,2022-10-21,application/pdf,PRB – DE2006,PRB-DE2006.pdf,https://www.lab-doxa.org.br/wp-content/uploads/2022/10/PRB-DE2006.pdf
1949,2022-10-21,application/pdf,PR – DE2006,PR-DE2006.pdf,https://www.lab-doxa.org.br/wp-content/uploads/2022/10/PR-DE2006.pdf
1948,2022-10-21,application/pdf,PPS – DE2006,PPS-DE2006.pdf,https://www.lab-doxa.org.br/wp-content/uploads/2022/10/PPS-DE2006.pdf
1947,2022-10-21,application/pdf,PP – DE2006,PP-DE2006.pdf,https://www.lab-doxa.org.br/wp-content/uploads/2022/10/PP-DE2006.pdf
1946,2022-10-21,application/pdf,PMN – DE2006,PMN-DE2006.pdf,https://www.lab-doxa.org.br/wp-content/uploads/2022/10/PMN-DE2006.pdf
1945,2022-10-21,application/pdf,PMDB – DE2006,PMDB-DE2006.pdf,https://www.lab-doxa.org.br/wp-content/uploads/2022/10/PMDB-DE2006.pdf
1944,2022-10-21,application/pdf,PHS – DE2006,PHS-DE2006.pdf,https://www.lab-doxa.org.br/wp-content/uploads/2022/10/PHS-DE2006.pdf
1943,2022-10-21,application/pdf,PFL – DE2006,PFL-DE2006.pdf,https://www.lab-doxa.org.br/wp-content/uploads/2022/10/PFL-DE2006.pdf
1942,2022-10-21,application/pdf,PDT – DE2006,PDT-DE2006.pdf,https://www.lab-doxa.org.br/wp-content/uploads/2022/10/PDT-DE2006.pdf
1941,2022-10-21,application/pdf,PCO – DE2006,PCO-DE2006.pdf,https://www.lab-doxa.org.br/wp-content/uploads/2022/10/PCO-DE2006.pdf
1940,2022-10-21,application/pdf,PCdoB – DE2006,PCdoB-DE2006.pdf,https://www.lab-doxa.org.br/wp-content/uploads/2022/10/PCdoB-DE2006.pdf
1939,2022-10-21,application/pdf,PCB – DE2006,PCB-DE2006.pdf,https://www.lab-doxa.org.br/wp-content/uploads/2022/10/PCB-DE2006.pdf
1938,2022-10-21,application/pdf,PAN – DE2006,PAN-DE2006.pdf,https://www.lab-doxa.org.br/wp-content/uploads/2022/10/PAN-DE2006.pdf
1937,2022-10-21,application/pdf,PV – DE2006,PV-DE2006.pdf,https://www.lab-doxa.org.br/wp-content/uploads/2022/10/PV-DE2006.pdf
1935,2022-10-21,application/pdf,PV – DF2006,PV-DF2006.pdf,https://www.lab-doxa.org.br/wp-content/uploads/2022/10/PV-DF2006.pdf
1934,2022-10-21,application/pdf,PTN – DF2006,PTN-DF2006.pdf,https://www.lab-doxa.org.br/wp-content/uploads/2022/10/PTN-DF2006.pdf
1933,2022-10-21,application/pdf,PTC – DF2006,PTC-DF2006.pdf,https://www.lab-doxa.org.br/wp-content/uploads/2022/10/PTC-DF2006.pdf
1932,2022-10-21,application/pdf,PTB – DF2006,PTB-DF2006.pdf,https://www.lab-doxa.org.br/wp-content/uploads/2022/10/PTB-DF2006.pdf
1931,2022-10-21,application/pdf,PT do B – DF2006,PT-do-B-DF2006.pdf,https://www.lab-doxa.org.br/wp-content/uploads/2022/10/PT-do-B-DF2006.pdf
1930,2022-10-21,application/pdf,PT – DF2006,PT-DF2006.pdf,https://www.lab-doxa.org.br/wp-content/uploads/2022/10/PT-DF2006.pdf
1929,2022-10-21,application/pdf,PSTU – DF2006,PSTU-DF2006.pdf,https://www.lab-doxa.org.br/wp-content/uploads/2022/10/PSTU-DF2006.pdf
1928,2022-10-21,application/pdf,PSOL – DF2006,PSOL-DF2006.pdf,https://www.lab-doxa.org.br/wp-content/uploads/2022/10/PSOL-DF2006.pdf
1927,2022-10-21,application/pdf,PSL – DF2006,PSL-DF2006.pdf,https://www.lab-doxa.org.br/wp-content/uploads/2022/10/PSL-DF2006.pdf
1926,2022-10-21,application/pdf,PSDC – DF2006,PSDC-DF2006.pdf,https://www.lab-doxa.org.br/wp-content/uploads/2022/10/PSDC-DF2006.pdf
1925,2022-10-21,application/pdf,PSDB – DF2006,PSDB-DF2006.pdf,https://www.lab-doxa.org.br/wp-content/uploads/2022/10/PSDB-DF2006.pdf
1924,2022-10-21,application/pdf,PSC – DF2006,PSC-DF2006.pdf,https://www.lab-doxa.org.br/wp-content/uploads/2022/10/PSC-DF2006.pdf
1923,2022-10-21,application/pdf,PSB – DF2006,PSB-DF2006.pdf,https://www.lab-doxa.org.br/wp-content/uploads/2022/10/PSB-DF2006.pdf
1922,2022-10-21,application/pdf,PRTB – DF2006,PRTB-DF2006.pdf,https://www.lab-doxa.org.br/wp-content/uploads/2022/10/PRTB-DF2006.pdf
1921,2022-10-21,application/pdf,PRP – DF2006,PRP-DF2006.pdf,https://www.lab-doxa.org.br/wp-content/uploads/2022/10/PRP-DF2006.pdf
1920,2022-10-21,application/pdf,PRONA – DF2006,PRONA-DF2006.pdf,https://www.lab-doxa.org.br/wp-content/uploads/2022/10/PRONA-DF2006.pdf
1919,2022-10-21,application/pdf,PRB – DF2006,PRB-DF2006.pdf,https://www.lab-doxa.org.br/wp-content/uploads/2022/10/PRB-DF2006.pdf
1918,2022-10-21,application/pdf,PR – DF2006,PR-DF2006.pdf,https://www.lab-doxa.org.br/wp-content/uploads/2022/10/PR-DF2006.pdf
1917,2022-10-21,application/pdf,PPS – DF2006,PPS-DF2006.pdf,https://www.lab-doxa.org.br/wp-content/uploads/2022/10/PPS-DF2006.pdf
1916,2022-10-21,application/pdf,PP – DF2006,PP-DF2006.pdf,https://www.lab-doxa.org.br/wp-content/uploads/2022/10/PP-DF2006.pdf
1915,2022-10-21,application/pdf,PMN – DF2006,PMN-DF2006.pdf,https://www.lab-doxa.org.br/wp-content/uploads/2022/10/PMN-DF2006.pdf
1913,2022-10-21,application/pdf,PMDB – DF2006,PMDB-DF2006.pdf,https://www.lab-doxa.org.br/wp-content/uploads/2022/10/PMDB-DF2006.pdf
1912,2022-10-21,application/pdf,PHS – DF2006,PHS-DF2006.pdf,https://www.lab-doxa.org.br/wp-content/uploads/2022/10/PHS-DF2006.pdf
1911,2022-10-21,application/pdf,PFL – DF2006,PFL-DF2006.pdf,https://www.lab-doxa.org.br/wp-content/uploads/2022/10/PFL-DF2006.pdf
1910,2022-10-21,application/pdf,PDT – DF2006,PDT-DF2006.pdf,https://www.lab-doxa.org.br/wp-content/uploads/2022/10/PDT-DF2006.pdf
1909,2022-10-21,application/pdf,PCO – DF2006,PCO-DF2006.pdf,https://www.lab-doxa.org.br/wp-content/uploads/2022/10/PCO-DF2006.pdf
1908,2022-10-21,application/pdf,PCB – DF2006,PCB-DF2006.pdf,https://www.lab-doxa.org.br/wp-content/uploads/2022/10/PCB-DF2006.pdf
1907,2022-10-21,application/pdf,PC do B – DF2006,PC-do-B-DF2006.pdf,https://www.lab-doxa.org.br/wp-content/uploads/2022/10/PC-do-B-DF2006.pdf
1862,2022-10-21,application/pdf,PV – DE1998,PV-DE1998.pdf,https://www.lab-doxa.org.br/wp-content/uploads/2022/10/PV-DE1998.pdf
1861,2022-10-21,application/pdf,PTN – DE1998,PTN-DE1998.pdf,https://www.lab-doxa.org.br/wp-content/uploads/2022/10/PTN-DE1998.pdf
1860,2022-10-21,application/pdf,PTC – DE1998,PTC-DE1998.pdf,https://www.lab-doxa.org.br/wp-content/uploads/2022/10/PTC-DE1998.pdf
1859,2022-10-21,application/pdf,PTB – DE1998,PTB-DE1998.pdf,https://www.lab-doxa.org.br/wp-content/uploads/2022/10/PTB-DE1998.pdf
1858,2022-10-21,application/pdf,PT do B – DE1998,PT-do-B-DE1998.pdf,https://www.lab-doxa.org.br/wp-content/uploads/2022/10/PT-do-B-DE1998.pdf
1857,2022-10-21,application/pdf,PT – DE1998,PT-DE1998.pdf,https://www.lab-doxa.org.br/wp-content/uploads/2022/10/PT-DE1998.pdf
1856,2022-10-21,application/pdf,PSTU – DE1998,PSTU-DE1998.pdf,https://www.lab-doxa.org.br/wp-content/uploads/2022/10/PSTU-DE1998.pdf
1855,2022-10-21,application/pdf,PST – DE1998,PST-DE1998.pdf,https://www.lab-doxa.org.br/wp-content/uploads/2022/10/PST-DE1998.pdf
1854,2022-10-21,application/pdf,PSL – DE1998,PSL-DE1998.pdf,https://www.lab-doxa.org.br/wp-content/uploads/2022/10/PSL-DE1998.pdf
1853,2022-10-21,application/pdf,PSDC – DE1998,PSDC-DE1998.pdf,https://www.lab-doxa.org.br/wp-content/uploads/2022/10/PSDC-DE1998.pdf
1852,2022-10-21,application/pdf,PSDB – DE1998,PSDB-DE1998.pdf,https://www.lab-doxa.org.br/wp-content/uploads/2022/10/PSDB-DE1998.pdf
1851,2022-10-21,application/pdf,PSD – DE1998,PSD-DE1998.pdf,https://www.lab-doxa.org.br/wp-content/uploads/2022/10/PSD-DE1998.pdf
1850,2022-10-21,application/pdf,PSC – DE1998,PSC-DE1998.pdf,https://www.lab-doxa.org.br/wp-content/uploads/2022/10/PSC-DE1998.pdf
1849,2022-10-21,application/pdf,PSB – DE1998,PSB-DE1998.pdf,https://www.lab-doxa.org.br/wp-content/uploads/2022/10/PSB-DE1998.pdf
1848,2022-10-21,application/pdf,PRTB – DE1998,PRTB-DE1998.pdf,https://www.lab-doxa.org.br/wp-content/uploads/2022/10/PRTB-DE1998.pdf
1847,2022-10-21,application/pdf,PRP – DE1998,PRP-DE1998.pdf,https://www.lab-doxa.org.br/wp-content/uploads/2022/10/PRP-DE1998.pdf
1846,2022-10-21,application/pdf,PRONA – DE1998,PRONA-DE1998.pdf,https://www.lab-doxa.org.br/wp-content/uploads/2022/10/PRONA-DE1998.pdf
1845,2022-10-21,application/pdf,PR – DE1998,PR-DE1998.pdf,https://www.lab-doxa.org.br/wp-content/uploads/2022/10/PR-DE1998.pdf
1844,2022-10-21,application/pdf,PPS – DE1998,PPS-DE1998.pdf,https://www.lab-doxa.org.br/wp-content/uploads/2022/10/PPS-DE1998.pdf
1843,2022-10-21,application/pdf,PP – DE1998,PP-DE1998.pdf,https://www.lab-doxa.org.br/wp-content/uploads/2022/10/PP-DE1998.pdf
1842,2022-10-21,application/pdf,PMN – DE1998,PMN-DE1998.pdf,https://www.lab-doxa.org.br/wp-content/uploads/2022/10/PMN-DE1998.pdf
1841,2022-10-21,application/pdf,PMDB – DE1998,PMDB-DE1998.pdf,https://www.lab-doxa.org.br/wp-content/uploads/2022/10/PMDB-DE1998.pdf
1840,2022-10-21,application/pdf,PHS – DE1998,PHS-DE1998.pdf,https://www.lab-doxa.org.br/wp-content/uploads/2022/10/PHS-DE1998.pdf
1839,2022-10-21,application/pdf,PGT – DE1998,PGT-DE1998.pdf,https://www.lab-doxa.org.br/wp-content/uploads/2022/10/PGT-DE1998.pdf
1838,2022-10-21,application/pdf,PFL – DE1998,PFL-DE1998.pdf,https://www.lab-doxa.org.br/wp-content/uploads/2022/10/PFL-DE1998.pdf
1837,2022-10-21,application/pdf,PDT – DE1998,PDT-DE1998.pdf,https://www.lab-doxa.org.br/wp-content/uploads/2022/10/PDT-DE1998.pdf
1836,2022-10-21,application/pdf,PCB – DE1998,PCB-DE1998.pdf,https://www.lab-doxa.org.br/wp-content/uploads/2022/10/PCB-DE1998.pdf
1835,2022-10-21,application/pdf,PC do B – DE1998,PC-do-B-DE1998.pdf,https://www.lab-doxa.org.br/wp-content/uploads/2022/10/PC-do-B-DE1998.pdf
1834,2022-10-21,application/pdf,PAN – DE1998,PAN-DE1998.pdf,https://www.lab-doxa.org.br/wp-content/uploads/2022/10/PAN-DE1998.pdf
1813,2022-10-21,application/pdf,PV – DF2002,PV-DF2002-1.pdf,https://www.lab-doxa.org.br/wp-content/uploads/2022/10/PV-DF2002-1.pdf
1788,2022-10-21,application/pdf,PTN – DF2002,PTN-DF2002.pdf,https://www.lab-doxa.org.br/wp-content/uploads/2022/10/PTN-DF2002.pdf
1787,2022-10-21,application/pdf,PTC – DF2002,PTC-DF2002.pdf,https://www.lab-doxa.org.br/wp-content/uploads/2022/10/PTC-DF2002.pdf
1786,2022-10-21,application/pdf,PTB – DF2002,PTB-DF2002.pdf,https://www.lab-doxa.org.br/wp-content/uploads/2022/10/PTB-DF2002.pdf
1785,2022-10-21,application/pdf,PT do B – DF2002,PT-do-B-DF2002.pdf,https://www.lab-doxa.org.br/wp-content/uploads/2022/10/PT-do-B-DF2002.pdf
1784,2022-10-21,application/pdf,PT – DF2002,PT-DF2002.pdf,https://www.lab-doxa.org.br/wp-content/uploads/2022/10/PT-DF2002.pdf
1783,2022-10-21,application/pdf,PSTU – DF2002,PSTU-DF2002.pdf,https://www.lab-doxa.org.br/wp-content/uploads/2022/10/PSTU-DF2002.pdf
1782,2022-10-21,application/pdf,PST – DF2002,PST-DF2002.pdf,https://www.lab-doxa.org.br/wp-content/uploads/2022/10/PST-DF2002.pdf
1781,2022-10-21,application/pdf,PSL – DF2002,PSL-DF2002.pdf,https://www.lab-doxa.org.br/wp-content/uploads/2022/10/PSL-DF2002.pdf
1780,2022-10-21,application/pdf,PSDC – DF2002,PSDC-DF2002.pdf,https://www.lab-doxa.org.br/wp-content/uploads/2022/10/PSDC-DF2002.pdf
1779,2022-10-21,application/pdf,PSDB – DF2002,PSDB-DF2002.pdf,https://www.lab-doxa.org.br/wp-content/uploads/2022/10/PSDB-DF2002.pdf
1778,2022-10-21,application/pdf,PSD – DF2002,PSD-DF2002.pdf,https://www.lab-doxa.org.br/wp-content/uploads/2022/10/PSD-DF2002.pdf
1777,2022-10-21,application/pdf,PSC – DF2002,PSC-DF2002.pdf,https://www.lab-doxa.org.br/wp-content/uploads/2022/10/PSC-DF2002.pdf
1776,2022-10-21,application/pdf,PSB – DF2002,PSB-DF2002.pdf,https://www.lab-doxa.org.br/wp-content/uploads/2022/10/PSB-DF2002.pdf
1775,2022-10-21,application/pdf,PRTB – DF2002,PRTB-DF2002.pdf,https://www.lab-doxa.org.br/wp-content/uploads/2022/10/PRTB-DF2002.pdf
1774,2022-10-21,application/pdf,PRP – DF2002,PRP-DF2002.pdf,https://www.lab-doxa.org.br/wp-content/uploads/2022/10/PRP-DF2002.pdf
1773,2022-10-21,application/pdf,PRONA – DF2002,PRONA-DF2002.pdf,https://www.lab-doxa.org.br/wp-content/uploads/2022/10/PRONA-DF2002.pdf
1772,2022-10-21,application/pdf,PR – DF2002,PR-DF2002.pdf,https://www.lab-doxa.org.br/wp-content/uploads/2022/10/PR-DF2002.pdf
1771,2022-10-21,application/pdf,PPS – DF2002,PPS-DF2002.pdf,https://www.lab-doxa.org.br/wp-content/uploads/2022/10/PPS-DF2002.pdf
1770,2022-10-21,application/pdf,PP – DF2002,PP-DF2002.pdf,https://www.lab-doxa.org.br/wp-content/uploads/2022/10/PP-DF2002.pdf
1769,2022-10-21,application/pdf,PMN – DF2002,PMN-DF2002.pdf,https://www.lab-doxa.org.br/wp-content/uploads/2022/10/PMN-DF2002.pdf
1768,2022-10-21,application/pdf,PMDB – DF2002,PMDB-DF2002.pdf,https://www.lab-doxa.org.br/wp-content/uploads/2022/10/PMDB-DF2002.pdf
1767,2022-10-21,application/pdf,PHS – DF2002,PHS-DF2002.pdf,https://www.lab-doxa.org.br/wp-content/uploads/2022/10/PHS-DF2002.pdf
1766,2022-10-21,application/pdf,PGT – DF2002,PGT-DF2002.pdf,https://www.lab-doxa.org.br/wp-content/uploads/2022/10/PGT-DF2002.pdf
1765,2022-10-21,application/pdf,PFL – DF2002,PFL-DF2002.pdf,https://www.lab-doxa.org.br/wp-content/uploads/2022/10/PFL-DF2002.pdf
1764,2022-10-21,application/pdf,PDT – DF2002,PDT-DF2002.pdf,https://www.lab-doxa.org.br/wp-content/uploads/2022/10/PDT-DF2002.pdf
1763,2022-10-21,application/pdf,PCO – DF2002,PCO-DF2002.pdf,https://www.lab-doxa.org.br/wp-content/uploads/2022/10/PCO-DF2002.pdf
1762,2022-10-21,application/pdf,PCB – DF2002,PCB-DF2002.pdf,https://www.lab-doxa.org.br/wp-content/uploads/2022/10/PCB-DF2002.pdf
1761,2022-10-21,application/pdf,PC do B – DF2002,PC-do-B-DF2002.pdf,https://www.lab-doxa.org.br/wp-content/uploads/2022/10/PC-do-B-DF2002.pdf
1760,2022-10-21,application/pdf,PAN – DF2002,PAN-DF2002.pdf,https://www.lab-doxa.org.br/wp-content/uploads/2022/10/PAN-DF2002.pdf
1759,2022-10-21,application/pdf,PV – DF2002,PV-DF2002.pdf,https://www.lab-doxa.org.br/wp-content/uploads/2022/10/PV-DF2002.pdf
2021,2022-10-22,application/pdf,PV – DF2010,PV-DF2010.pdf,https://www.lab-doxa.org.br/wp-content/uploads/2022/10/PV-DF2010.pdf
2020,2022-10-22,application/pdf,PTN – DF2010,PTN-DF2010.pdf,https://www.lab-doxa.org.br/wp-content/uploads/2022/10/PTN-DF2010.pdf
2019,2022-10-22,application/pdf,PTC – DF2010,PTC-DF2010.pdf,https://www.lab-doxa.org.br/wp-content/uploads/2022/10/PTC-DF2010.pdf
2018,2022-10-22,application/pdf,PTB – DF2010,PTB-DF2010.pdf,https://www.lab-doxa.org.br/wp-content/uploads/2022/10/PTB-DF2010.pdf
2017,2022-10-22,application/pdf,PT do B – DF2010,PT-do-B-DF2010.pdf,https://www.lab-doxa.org.br/wp-content/uploads/2022/10/PT-do-B-DF2010.pdf
2016,2022-10-22,application/pdf,PT – DF2010,PT-DF2010.pdf,https://www.lab-doxa.org.br/wp-content/uploads/2022/10/PT-DF2010.pdf
2015,2022-10-22,application/pdf,PSTU – DF2010,PSTU-DF2010.pdf,https://www.lab-doxa.org.br/wp-content/uploads/2022/10/PSTU-DF2010.pdf
2014,2022-10-22,application/pdf,PSOL – DF2010,PSOL-DF2010.pdf,https://www.lab-doxa.org.br/wp-content/uploads/2022/10/PSOL-DF2010.pdf
2013,2022-10-22,application/pdf,PSL – DF2010,PSL-DF2010.pdf,https://www.lab-doxa.org.br/wp-content/uploads/2022/10/PSL-DF2010.pdf
2012,2022-10-22,application/pdf,PSDC – DF2010,PSDC-DF2010.pdf,https://www.lab-doxa.org.br/wp-content/uploads/2022/10/PSDC-DF2010.pdf
2011,2022-10-22,application/pdf,PSDB – DF2010,PSDB-DF2010.pdf,https://www.lab-doxa.org.br/wp-content/uploads/2022/10/PSDB-DF2010.pdf
2010,2022-10-22,application/pdf,PSC – DF2010,PSC-DF2010.pdf,https://www.lab-doxa.org.br/wp-content/uploads/2022/10/PSC-DF2010.pdf
2009,2022-10-22,application/pdf,PSB – DF2010,PSB-DF2010.pdf,https://www.lab-doxa.org.br/wp-content/uploads/2022/10/PSB-DF2010.pdf
2007,2022-10-22,application/pdf,PRTB – DF2010,PRTB-DF2010.pdf,https://www.lab-doxa.org.br/wp-content/uploads/2022/10/PRTB-DF2010.pdf
2006,2022-10-22,application/pdf,PRP – DF2010,PRP-DF2010.pdf,https://www.lab-doxa.org.br/wp-content/uploads/2022/10/PRP-DF2010.pdf
2005,2022-10-22,application/pdf,PRB – DF2010,PRB-DF2010.pdf,https://www.lab-doxa.org.br/wp-content/uploads/2022/10/PRB-DF2010.pdf
2004,2022-10-22,application/pdf,PR – DF2010,PR-DF2010.pdf,https://www.lab-doxa.org.br/wp-content/uploads/2022/10/PR-DF2010.pdf
2003,2022-10-22,application/pdf,PPS – DF2010,PPS-DF2010.pdf,https://www.lab-doxa.org.br/wp-content/uploads/2022/10/PPS-DF2010.pdf
2002,2022-10-22,application/pdf,PP – DF2010,PP-DF2010.pdf,https://www.lab-doxa.org.br/wp-content/uploads/2022/10/PP-DF2010.pdf
2001,2022-10-22,application/pdf,PMN – DF2010,PMN-DF2010.pdf,https://www.lab-doxa.org.br/wp-content/uploads/2022/10/PMN-DF2010.pdf
2000,2022-10-22,application/pdf,PMDB – DF2010,PMDB-DF2010.pdf,https://www.lab-doxa.org.br/wp-content/uploads/2022/10/PMDB-DF2010.pdf
1999,2022-10-22,application/pdf,PHS – DF2010,PHS-DF2010.pdf,https://www.lab-doxa.org.br/wp-content/uploads/2022/10/PHS-DF2010.pdf
1998,2022-10-22,application/pdf,PDT – DF2010,PDT-DF2010.pdf,https://www.lab-doxa.org.br/wp-content/uploads/2022/10/PDT-DF2010.pdf
1997,2022-10-22,application/pdf,PCB – DF2010,PCB-DF2010.pdf,https://www.lab-doxa.org.br/wp-content/uploads/2022/10/PCB-DF2010.pdf
1996,2022-10-22,application/pdf,PC do B- DF2010,PC-do-B-DF2010.pdf,https://www.lab-doxa.org.br/wp-content/uploads/2022/10/PC-do-B-DF2010.pdf
1995,2022-10-22,application/pdf,DEM – DF2010,DEM-DF2010.pdf,https://www.lab-doxa.org.br/wp-content/uploads/2022/10/DEM-DF2010.pdf
1993,2022-10-22,application/pdf,PV – DE2010,PV-DE2010.pdf,https://www.lab-doxa.org.br/wp-content/uploads/2022/10/PV-DE2010.pdf
1992,2022-10-22,application/pdf,PTN- DE2010,PTN-DE2010.pdf,https://www.lab-doxa.org.br/wp-content/uploads/2022/10/PTN-DE2010.pdf
1991,2022-10-22,application/pdf,PTC – DE2010,PTC-DE2010.pdf,https://www.lab-doxa.org.br/wp-content/uploads/2022/10/PTC-DE2010.pdf
1990,2022-10-22,application/pdf,PTB – DE2010,PTB-DE2010.pdf,https://www.lab-doxa.org.br/wp-content/uploads/2022/10/PTB-DE2010.pdf
1989,2022-10-22,application/pdf,PT do B – DE2010,PT-do-B-DE2010.pdf,https://www.lab-doxa.org.br/wp-content/uploads/2022/10/PT-do-B-DE2010.pdf
1988,2022-10-22,application/pdf,PT – DE2010,PT-DE2010.pdf,https://www.lab-doxa.org.br/wp-content/uploads/2022/10/PT-DE2010.pdf
1987,2022-10-22,application/pdf,PSTU – DE2010,PSTU-DE2010.pdf,https://www.lab-doxa.org.br/wp-content/uploads/2022/10/PSTU-DE2010.pdf
1986,2022-10-22,application/pdf,PSOL – DE2010,PSOL-DE2010.pdf,https://www.lab-doxa.org.br/wp-content/uploads/2022/10/PSOL-DE2010.pdf
1985,2022-10-22,application/pdf,PSL – DE2010,PSL-DE2010.pdf,https://www.lab-doxa.org.br/wp-content/uploads/2022/10/PSL-DE2010.pdf
1984,2022-10-22,application/pdf,PSDC – DE2010,PSDC-DE2010.pdf,https://www.lab-doxa.org.br/wp-content/uploads/2022/10/PSDC-DE2010.pdf
1983,2022-10-22,application/pdf,PSDB – DE2010,PSDB-DE2010.pdf,https://www.lab-doxa.org.br/wp-content/uploads/2022/10/PSDB-DE2010.pdf
1982,2022-10-22,application/pdf,PSC – DE2010,PSC-DE2010.pdf,https://www.lab-doxa.org.br/wp-content/uploads/2022/10/PSC-DE2010.pdf
1981,2022-10-22,application/pdf,PSB – DE2010,PSB-DE2010.pdf,https://www.lab-doxa.org.br/wp-content/uploads/2022/10/PSB-DE2010.pdf
1980,2022-10-22,application/pdf,PRTB – DE2010,PRTB-DE2010.pdf,https://www.lab-doxa.org.br/wp-content/uploads/2022/10/PRTB-DE2010.pdf
1979,2022-10-22,application/pdf,PRP – DE2010,PRP-DE2010.pdf,https://www.lab-doxa.org.br/wp-content/uploads/2022/10/PRP-DE2010.pdf
1978,2022-10-22,application/pdf,PR – DE2010,PR-DE2010.pdf,https://www.lab-doxa.org.br/wp-content/uploads/2022/10/PR-DE2010.pdf
1977,2022-10-22,application/pdf,PPS – DE2010,PPS-DE2010.pdf,https://www.lab-doxa.org.br/wp-content/uploads/2022/10/PPS-DE2010.pdf
1976,2022-10-22,application/pdf,PP – DE2010,PP-DE2010.pdf,https://www.lab-doxa.org.br/wp-content/uploads/2022/10/PP-DE2010.pdf
1975,2022-10-22,application/pdf,PMN – DE2010,PMN-DE2010.pdf,https://www.lab-doxa.org.br/wp-content/uploads/2022/10/PMN-DE2010.pdf
1974,2022-10-22,application/pdf,PMDB – DE2010,PMDB-DE2010.pdf,https://www.lab-doxa.org.br/wp-content/uploads/2022/10/PMDB-DE2010.pdf
1973,2022-10-22,application/pdf,PHS – DE2010,PHS-DE2010.pdf,https://www.lab-doxa.org.br/wp-content/uploads/2022/10/PHS-DE2010.pdf
1972,2022-10-22,application/pdf,PDT – DE2010,PDT-DE2010.pdf,https://www.lab-doxa.org.br/wp-content/uploads/2022/10/PDT-DE2010.pdf
1971,2022-10-22,application/pdf,PCB – DE2010,PCB-DE2010.pdf,https://www.lab-doxa.org.br/wp-content/uploads/2022/10/PCB-DE2010.pdf
1970,2022-10-22,application/pdf,PC do B – DE2010,PC-do-B-DE2010.pdf,https://www.lab-doxa.org.br/wp-content/uploads/2022/10/PC-do-B-DE2010.pdf
1969,2022-10-22,application/pdf,DEM – DE2010,DEM-DE2010.pdf,https://www.lab-doxa.org.br/wp-content/uploads/2022/10/DEM-DE2010.pdf
2125,2022-10-23,application/pdf,s_2014,s_2014.pdf,https://www.lab-doxa.org.br/wp-content/uploads/2022/10/s_2014.pdf
2124,2022-10-23,application/pdf,s_2010,s_2010.pdf,https://www.lab-doxa.org.br/wp-content/uploads/2022/10/s_2010.pdf
2123,2022-10-23,application/pdf,s_2006,s_2006.pdf,https://www.lab-doxa.org.br/wp-content/uploads/2022/10/s_2006.pdf
2122,2022-10-23,application/pdf,s_2002,s_2002.pdf,https://www.lab-doxa.org.br/wp-content/uploads/2022/10/s_2002.pdf
2121,2022-10-23,application/pdf,s_1998,s_1998.pdf,https://www.lab-doxa.org.br/wp-content/uploads/2022/10/s_1998.pdf
2116,2022-10-23,application/pdf,g_2014,g_2014.pdf,https://www.lab-doxa.org.br/wp-content/uploads/2022/10/g_2014.pdf
2115,2022-10-23,application/pdf,g_2002,g_2002.pdf,https://www.lab-doxa.org.br/wp-content/uploads/2022/10/g_2002.pdf
2114,2022-10-23,application/pdf,g_2006,g_2006.pdf,https://www.lab-doxa.org.br/wp-content/uploads/2022/10/g_2006.pdf
2113,2022-10-23,application/pdf,g_2010,g_2010.pdf,https://www.lab-doxa.org.br/wp-content/uploads/2022/10/g_2010.pdf
2112,2022-10-23,application/pdf,g_1998,g_1998.pdf,https://www.lab-doxa.org.br/wp-content/uploads/2022/10/g_1998.pdf
2110,2022-10-23,application/pdf,p_2014,p_2014.pdf,https://www.lab-doxa.org.br/wp-content/uploads/2022/10/p_2014.pdf
2109,2022-10-23,application/pdf,p_2010,p_2010.pdf,https://www.lab-doxa.org.br/wp-content/uploads/2022/10/p_2010.pdf
2108,2022-10-23,application/pdf,p_2006,p_2006.pdf,https://www.lab-doxa.org.br/wp-content/uploads/2022/10/p_2006.pdf
2107,2022-10-23,application/pdf,p_2002,p_2002.pdf,https://www.lab-doxa.org.br/wp-content/uploads/2022/10/p_2002.pdf
2106,2022-10-23,application/pdf,p_1998,p_1998.pdf,https://www.lab-doxa.org.br/wp-content/uploads/2022/10/p_1998.pdf
2103,2022-10-23,application/pdf,SDD – DF2014,SDD-DF2014.pdf,https://www.lab-doxa.org.br/wp-content/uploads/2022/10/SDD-DF2014.pdf
2102,2022-10-23,application/pdf,PV – DF2014,PV-DF2014.pdf,https://www.lab-doxa.org.br/wp-content/uploads/2022/10/PV-DF2014.pdf
2101,2022-10-23,application/pdf,PTN – DF2014,PTN-DF2014.pdf,https://www.lab-doxa.org.br/wp-content/uploads/2022/10/PTN-DF2014.pdf
2100,2022-10-23,application/pdf,PTC – DF2014,PTC-DF2014.pdf,https://www.lab-doxa.org.br/wp-content/uploads/2022/10/PTC-DF2014.pdf
2099,2022-10-23,application/pdf,PTB – DF2014,PTB-DF2014.pdf,https://www.lab-doxa.org.br/wp-content/uploads/2022/10/PTB-DF2014.pdf
2098,2022-10-23,application/pdf,PT do B – DF2014,PT-do-B-DF2014.pdf,https://www.lab-doxa.org.br/wp-content/uploads/2022/10/PT-do-B-DF2014.pdf
2097,2022-10-23,application/pdf,PT – DF2014,PT-DF2014.pdf,https://www.lab-doxa.org.br/wp-content/uploads/2022/10/PT-DF2014.pdf
2096,2022-10-23,application/pdf,PSTU – DF2014,PSTU-DF2014.pdf,https://www.lab-doxa.org.br/wp-content/uploads/2022/10/PSTU-DF2014.pdf
2095,2022-10-23,application/pdf,PSOL – DF2014,PSOL-DF2014.pdf,https://www.lab-doxa.org.br/wp-content/uploads/2022/10/PSOL-DF2014.pdf
2094,2022-10-23,application/pdf,PSL – DF2014,PSL-DF2014.pdf,https://www.lab-doxa.org.br/wp-content/uploads/2022/10/PSL-DF2014.pdf
2093,2022-10-23,application/pdf,PSDC – DF2014,PSDC-DF2014.pdf,https://www.lab-doxa.org.br/wp-content/uploads/2022/10/PSDC-DF2014.pdf
2092,2022-10-23,application/pdf,PSDB – DF2014,PSDB-DF2014.pdf,https://www.lab-doxa.org.br/wp-content/uploads/2022/10/PSDB-DF2014.pdf
2091,2022-10-23,application/pdf,PSD – DF2014,PSD-DF2014.pdf,https://www.lab-doxa.org.br/wp-content/uploads/2022/10/PSD-DF2014.pdf
2090,2022-10-23,application/pdf,PSC – DF2014,PSC-DF2014.pdf,https://www.lab-doxa.org.br/wp-content/uploads/2022/10/PSC-DF2014.pdf
2089,2022-10-23,application/pdf,PSB – DF2014,PSB-DF2014.pdf,https://www.lab-doxa.org.br/wp-content/uploads/2022/10/PSB-DF2014.pdf
2088,2022-10-23,application/pdf,PRTB – DF2014,PRTB-DF2014.pdf,https://www.lab-doxa.org.br/wp-content/uploads/2022/10/PRTB-DF2014.pdf
2087,2022-10-23,application/pdf,PRP – DF2014,PRP-DF2014.pdf,https://www.lab-doxa.org.br/wp-content/uploads/2022/10/PRP-DF2014.pdf
2086,2022-10-23,application/pdf,PROS – DF2014,PROS-DF2014.pdf,https://www.lab-doxa.org.br/wp-content/uploads/2022/10/PROS-DF2014.pdf
2085,2022-10-23,application/pdf,PRB – DF2014,PRB-DF2014.pdf,https://www.lab-doxa.org.br/wp-content/uploads/2022/10/PRB-DF2014.pdf
2084,2022-10-23,application/pdf,PR – DF2014,PR-DF2014.pdf,https://www.lab-doxa.org.br/wp-content/uploads/2022/10/PR-DF2014.pdf
2083,2022-10-23,application/pdf,PPS – DF2014,PPS-DF2014.pdf,https://www.lab-doxa.org.br/wp-content/uploads/2022/10/PPS-DF2014.pdf
2082,2022-10-23,application/pdf,PPL – DF2014,PPL-DF2014.pdf,https://www.lab-doxa.org.br/wp-content/uploads/2022/10/PPL-DF2014.pdf
2081,2022-10-23,application/pdf,PP – DF2014,PP-DF2014.pdf,https://www.lab-doxa.org.br/wp-content/uploads/2022/10/PP-DF2014.pdf
2080,2022-10-23,application/pdf,PMN – DF2014,PMN-DF2014.pdf,https://www.lab-doxa.org.br/wp-content/uploads/2022/10/PMN-DF2014.pdf
2079,2022-10-23,application/pdf,PMDB – DF2014,PMDB-DF2014.pdf,https://www.lab-doxa.org.br/wp-content/uploads/2022/10/PMDB-DF2014.pdf
2078,2022-10-23,application/pdf,PHS – DF2014,PHS-DF2014.pdf,https://www.lab-doxa.org.br/wp-content/uploads/2022/10/PHS-DF2014.pdf
2077,2022-10-23,application/pdf,PEN – DF2014,PEN-DF2014.pdf,https://www.lab-doxa.org.br/wp-content/uploads/2022/10/PEN-DF2014.pdf
2076,2022-10-23,application/pdf,PDT – DF2014,PDT-DF2014.pdf,https://www.lab-doxa.org.br/wp-content/uploads/2022/10/PDT-DF2014.pdf
2074,2022-10-23,application/pdf,PCO – DF2014,PCO-DF2014.pdf,https://www.lab-doxa.org.br/wp-content/uploads/2022/10/PCO-DF2014.pdf
2073,2022-10-23,application/pdf,PCB – DF2014,PCB-DF2014.pdf,https://www.lab-doxa.org.br/wp-content/uploads/2022/10/PCB-DF2014.pdf
2072,2022-10-23,application/pdf,PC do B – DF2014,PC-do-B-DF2014.pdf,https://www.lab-doxa.org.br/wp-content/uploads/2022/10/PC-do-B-DF2014.pdf
2071,2022-10-23,application/pdf,DEM – DF2014,DEM-DF2014.pdf,https://www.lab-doxa.org.br/wp-content/uploads/2022/10/DEM-DF2014.pdf
2070,2022-10-23,application/pdf,SDD – DE2014,SDD-DE2014.pdf,https://www.lab-doxa.org.br/wp-content/uploads/2022/10/SDD-DE2014.pdf
2069,2022-10-23,application/pdf,PV – DE2014,PV-DE2014.pdf,https://www.lab-doxa.org.br/wp-content/uploads/2022/10/PV-DE2014.pdf
2068,2022-10-23,application/pdf,PTN – DE2014,PTN-DE2014.pdf,https://www.lab-doxa.org.br/wp-content/uploads/2022/10/PTN-DE2014.pdf
2067,2022-10-23,application/pdf,PTC – DE2014,PTC-DE2014.pdf,https://www.lab-doxa.org.br/wp-content/uploads/2022/10/PTC-DE2014.pdf
2066,2022-10-23,application/pdf,PTB – DE2014,PTB-DE2014.pdf,https://www.lab-doxa.org.br/wp-content/uploads/2022/10/PTB-DE2014.pdf
2065,2022-10-23,application/pdf,PT do B – DE2014,PT-do-B-DE2014.pdf,https://www.lab-doxa.org.br/wp-content/uploads/2022/10/PT-do-B-DE2014.pdf
2064,2022-10-23,application/pdf,PT – DE2014,PT-DE2014.pdf,https://www.lab-doxa.org.br/wp-content/uploads/2022/10/PT-DE2014.pdf
2063,2022-10-23,application/pdf,PSTU – DE2014,PSTU-DE2014.pdf,https://www.lab-doxa.org.br/wp-content/uploads/2022/10/PSTU-DE2014.pdf
2062,2022-10-23,application/pdf,PSOL – DE2014,PSOL-DE2014.pdf,https://www.lab-doxa.org.br/wp-content/uploads/2022/10/PSOL-DE2014.pdf
2061,2022-10-23,application/pdf,PSL – DE2014,PSL-DE2014.pdf,https://www.lab-doxa.org.br/wp-content/uploads/2022/10/PSL-DE2014.pdf
2060,2022-10-23,application/pdf,PSDC – DE2014,PSDC-DE2014.pdf,https://www.lab-doxa.org.br/wp-content/uploads/2022/10/PSDC-DE2014.pdf
2059,2022-10-23,application/pdf,PSDB – DE2014,PSDB-DE2014.pdf,https://www.lab-doxa.org.br/wp-content/uploads/2022/10/PSDB-DE2014.pdf
2058,2022-10-23,application/pdf,PSD – DE2014,PSD-DE2014.pdf,https://www.lab-doxa.org.br/wp-content/uploads/2022/10/PSD-DE2014.pdf
2057,2022-10-23,application/pdf,PSC – DE2014,PSC-DE2014.pdf,https://www.lab-doxa.org.br/wp-content/uploads/2022/10/PSC-DE2014.pdf
2056,2022-10-23,application/pdf,PSB – DE2014,PSB-DE2014.pdf,https://www.lab-doxa.org.br/wp-content/uploads/2022/10/PSB-DE2014.pdf
2055,2022-10-23,application/pdf,PRTB – DE2014,PRTB-DE2014-1.pdf,https://www.lab-doxa.org.br/wp-content/uploads/2022/10/PRTB-DE2014-1.pdf
2054,2022-10-23,application/pdf,PRP – DE2014,PRP-DE2014-1.pdf,https://www.lab-doxa.org.br/wp-content/uploads/2022/10/PRP-DE2014-1.pdf
2053,2022-10-23,application/pdf,PROS – DE2014,PROS-DE2014-1.pdf,https://www.lab-doxa.org.br/wp-content/uploads/2022/10/PROS-DE2014-1.pdf
2052,2022-10-23,application/pdf,PRB – DE2014,PRB-DE2014-1.pdf,https://www.lab-doxa.org.br/wp-content/uploads/2022/10/PRB-DE2014-1.pdf
2051,2022-10-23,application/pdf,PR – DE2014,PR-DE2014-1.pdf,https://www.lab-doxa.org.br/wp-content/uploads/2022/10/PR-DE2014-1.pdf
2050,2022-10-23,application/pdf,PPS – DE2014,PPS-DE2014-1.pdf,https://www.lab-doxa.org.br/wp-content/uploads/2022/10/PPS-DE2014-1.pdf
2049,2022-10-23,application/pdf,PPL – DE2014,PPL-DE2014-1.pdf,https://www.lab-doxa.org.br/wp-content/uploads/2022/10/PPL-DE2014-1.pdf
2048,2022-10-23,application/pdf,PP – DE2014,PP-DE2014-1.pdf,https://www.lab-doxa.org.br/wp-content/uploads/2022/10/PP-DE2014-1.pdf
2047,2022-10-23,application/pdf,PMN – DE2014,PMN-DE2014-1.pdf,https://www.lab-doxa.org.br/wp-content/uploads/2022/10/PMN-DE2014-1.pdf
2046,2022-10-23,application/pdf,PMDB – DE2014,PMDB-DE2014-1.pdf,https://www.lab-doxa.org.br/wp-content/uploads/2022/10/PMDB-DE2014-1.pdf
2045,2022-10-23,application/pdf,PHS – DE2014,PHS-DE2014-1.pdf,https://www.lab-doxa.org.br/wp-content/uploads/2022/10/PHS-DE2014-1.pdf
2044,2022-10-23,application/pdf,PEN – DE2014,PEN-DE2014-1.pdf,https://www.lab-doxa.org.br/wp-content/uploads/2022/10/PEN-DE2014-1.pdf
2043,2022-10-23,application/pdf,PDT – DE2014,PDT-DE2014-1.pdf,https://www.lab-doxa.org.br/wp-content/uploads/2022/10/PDT-DE2014-1.pdf
2042,2022-10-23,application/pdf,PCB – DE2014,PCB-DE2014-1.pdf,https://www.lab-doxa.org.br/wp-content/uploads/2022/10/PCB-DE2014-1.pdf
2041,2022-10-23,application/pdf,PC do B – DE2014,PC-do-B-DE2014-1.pdf,https://www.lab-doxa.org.br/wp-content/uploads/2022/10/PC-do-B-DE2014-1.pdf
2040,2022-10-23,application/pdf,DEM – DE2014,DEM-DE2014-1.pdf,https://www.lab-doxa.org.br/wp-content/uploads/2022/10/DEM-DE2014-1.pdf
2183,2022-10-26,application/pdf,SURVEY_OPINIÕES COMPORTAMENTO,SURVEY_OPINIOES-COMPORTAMENTO.pdf,https://www.lab-doxa.org.br/wp-content/uploads/2022/10/SURVEY_OPINIOES-COMPORTAMENTO.pdf
2235,2022-10-27,application/pdf,DOWNLOAD 5_ DISTRIBUICAO DOS DECRETOS POR TEMA E PARTIDO NO GOVERNO,DOWNLOAD-5_-DISTRIBUICAO-DOS-DECRETOS-POR-TEMA-E-PARTIDO-NO-GOVERNO.pdf,https://www.lab-doxa.org.br/wp-content/uploads/2022/10/DOWNLOAD-5_-DISTRIBUICAO-DOS-DECRETOS-POR-TEMA-E-PARTIDO-NO-GOVERNO.pdf
2232,2022-10-27,application/pdf,DOWNLOAD 4_DISTRIBUICAO E MEDIA MENSAL DE DECRETOS DE RESTRICAO E FLEXIBIZACAO POR MUNICIPIO,DOWNLOAD-4_DISTRIBUICAO-E-MEDIA-MENSAL-DE-DECRETOS-DE-RESTRICAO-E-FLEXIBIZACAO-POR-MUNICIPIO.pdf,https://www.lab-doxa.org.br/wp-content/uploads/2022/10/DOWNLOAD-4_DISTRIBUICAO-E-MEDIA-MENSAL-DE-DECRETOS-DE-RESTRICAO-E-FLEXIBIZACAO-POR-MUNICIPIO.pdf
2230,2022-10-27,application/pdf,DOWNLOAD 3_DISTRIBUICAO DOS DECRETOS POR TEMA E MUNICIPIOS,DOWNLOAD-3_DISTRIBUICAO-DOS-DECRETOS-POR-TEMA-E-MUNICIPIOS.pdf,https://www.lab-doxa.org.br/wp-content/uploads/2022/10/DOWNLOAD-3_DISTRIBUICAO-DOS-DECRETOS-POR-TEMA-E-MUNICIPIOS.pdf
2258,2022-10-31,application/pdf,3.1. BIBLIO_ Introducao_v2,3.1.-BIBLIO_-Introducao_v2.pdf,https://www.lab-doxa.org.br/wp-content/uploads/2022/10/3.1.-BIBLIO_-Introducao_v2.pdf
2257,2022-10-31,application/pdf,SURVEY_OPINIOES COMPORTAMENTO,SURVEY_OPINIOES-COMPORTAMENTO-1.pdf,https://www.lab-doxa.org.br/wp-content/uploads/2022/10/SURVEY_OPINIOES-COMPORTAMENTO-1.pdf
2302,2022-11-04,application/pdf,GUARNIERI & FIGUEIREDO,GUARNIERI-FIGUEIREDO.pdf,https://www.lab-doxa.org.br/wp-content/uploads/2022/11/GUARNIERI-FIGUEIREDO.pdf
2380,2022-11-09,application/pdf,006-Análise Crítica – 2018 – Resumo Horário Eleitoral de Propaganda para Governador do Estado do Rio de Janeiro,006-Analise-Critica-2018-Resumo-Horario-Eleitoral-de-Propaganda-para-Governador-do-Estado-do-Rio-de-Janeiro.pdf,https://www.lab-doxa.org.br/wp-content/uploads/2022/11/006-Analise-Critica-2018-Resumo-Horario-Eleitoral-de-Propaganda-para-Governador-do-Estado-do-Rio-de-Janeiro.pdf
2379,2022-11-09,application/pdf,006-Análise Crítica – 2018 – Os partidos nas eleições proporcionais no Estado do Rio,006-Analise-Critica-2018-Os-partidos-nas-eleicoes-proporcionais-no-Estado-do-Rio.pdf,https://www.lab-doxa.org.br/wp-content/uploads/2022/11/006-Analise-Critica-2018-Os-partidos-nas-eleicoes-proporcionais-no-Estado-do-Rio.pdf
2378,2022-11-09,application/pdf,006-Análise Crítica – 2018 – O que esperam os eleitores indecisos progressistas para o pleito presidencial,006-Analise-Critica-2018-O-que-esperam-os-eleitores-indecisos-progressistas-para-o-pleito-presidencial.pdf,https://www.lab-doxa.org.br/wp-content/uploads/2022/11/006-Analise-Critica-2018-O-que-esperam-os-eleitores-indecisos-progressistas-para-o-pleito-presidencial.pdf
2371,2022-11-09,application/pdf,003-2002-Debates Eleitorais-terceiroround,003-2002-Debates-Eleitorais-terceiroround.pdf,https://www.lab-doxa.org.br/wp-content/uploads/2022/11/003-2002-Debates-Eleitorais-terceiroround.pdf
2370,2022-11-09,application/pdf,002-2002-Debates Eleitorais-segundoround,002-2002-Debates-Eleitorais-segundoround.pdf,https://www.lab-doxa.org.br/wp-content/uploads/2022/11/002-2002-Debates-Eleitorais-segundoround.pdf
2369,2022-11-09,application/pdf,001-2002-Debates Eleitorais-primeiroround,001-2002-Debates-Eleitorais-primeiroround.pdf,https://www.lab-doxa.org.br/wp-content/uploads/2022/11/001-2002-Debates-Eleitorais-primeiroround.pdf
2368,2022-11-09,application/pdf,004-2002-Debates Eleitorais-segundoturno,004-2002-Debates-Eleitorais-segundoturno.pdf,https://www.lab-doxa.org.br/wp-content/uploads/2022/11/004-2002-Debates-Eleitorais-segundoturno.pdf
2360,2022-11-09,application/pdf,044-2010-gráficos-cobertura-jornalística-OESP,044-2010-graficos-cobertura-jornalistica-OESP.pdf,https://www.lab-doxa.org.br/wp-content/uploads/2022/11/044-2010-graficos-cobertura-jornalistica-OESP.pdf
2359,2022-11-09,application/pdf,043-2010-gráficos-cobertura-jornalística-folha,043-2010-graficos-cobertura-jornalistica-folha.pdf,https://www.lab-doxa.org.br/wp-content/uploads/2022/11/043-2010-graficos-cobertura-jornalistica-folha.pdf
2358,2022-11-09,application/pdf,042-2010-gráficos-cobertura-jornalística-Valor,042-2010-graficos-cobertura-jornalistica-Valor.pdf,https://www.lab-doxa.org.br/wp-content/uploads/2022/11/042-2010-graficos-cobertura-jornalistica-Valor.pdf
2357,2022-11-09,application/pdf,041-2010-gráficos-cobertura-jornalística-oglobo,041-2010-graficos-cobertura-jornalistica-oglobo.pdf,https://www.lab-doxa.org.br/wp-content/uploads/2022/11/041-2010-graficos-cobertura-jornalistica-oglobo.pdf
2347,2022-11-09,application/pdf,037-2006-gráficos-cobertura-jornalísitca-OESP,037-2006-graficos-cobertura-jornalisitca-OESP.pdf,https://www.lab-doxa.org.br/wp-content/uploads/2022/11/037-2006-graficos-cobertura-jornalisitca-OESP.pdf
2346,2022-11-09,application/pdf,038-2006-tabelas-cobertura-jornalísitca-OESP,038-2006-tabelas-cobertura-jornalisitca-OESP.pdf,https://www.lab-doxa.org.br/wp-content/uploads/2022/11/038-2006-tabelas-cobertura-jornalisitca-OESP.pdf
2345,2022-11-09,application/pdf,036-2006-tabelas-cobertura-jornalísitca-folha,036-2006-tabelas-cobertura-jornalisitca-folha.pdf,https://www.lab-doxa.org.br/wp-content/uploads/2022/11/036-2006-tabelas-cobertura-jornalisitca-folha.pdf
2344,2022-11-09,application/pdf,035-2006-gráficos-cobertura-jornalísitca-folha,035-2006-graficos-cobertura-jornalisitca-folha.pdf,https://www.lab-doxa.org.br/wp-content/uploads/2022/11/035-2006-graficos-cobertura-jornalisitca-folha.pdf
2343,2022-11-09,application/pdf,033-2006-gráficos-cobertura-jornalísitca-JB,033-2006-graficos-cobertura-jornalisitca-JB.pdf,https://www.lab-doxa.org.br/wp-content/uploads/2022/11/033-2006-graficos-cobertura-jornalisitca-JB.pdf
2342,2022-11-09,application/pdf,034-2006-tabelas-cobertura-jornalísitca-JB,034-2006-tabelas-cobertura-jornalisitca-JB.pdf,https://www.lab-doxa.org.br/wp-content/uploads/2022/11/034-2006-tabelas-cobertura-jornalisitca-JB.pdf
2341,2022-11-09,application/pdf,031-2006-gráficos-cobertura-jornalísitca-oglobo,031-2006-graficos-cobertura-jornalisitca-oglobo.pdf,https://www.lab-doxa.org.br/wp-content/uploads/2022/11/031-2006-graficos-cobertura-jornalisitca-oglobo.pdf
2340,2022-11-09,application/pdf,032-2006-tabelas-cobertura-jornalísitca-oglobo,032-2006-tabelas-cobertura-jornalisitca-oglobo.pdf,https://www.lab-doxa.org.br/wp-content/uploads/2022/11/032-2006-tabelas-cobertura-jornalisitca-oglobo.pdf
2333,2022-11-09,application/pdf,028-2002-gráficos-cobertura-jornalística-OESP,028-2002-graficos-cobertura-jornalistica-OESP.pdf,https://www.lab-doxa.org.br/wp-content/uploads/2022/11/028-2002-graficos-cobertura-jornalistica-OESP.pdf
2332,2022-11-09,application/pdf,025-2002-gráficos-cobertura-jornalística-folha,025-2002-graficos-cobertura-jornalistica-folha.pdf,https://www.lab-doxa.org.br/wp-content/uploads/2022/11/025-2002-graficos-cobertura-jornalistica-folha.pdf
2331,2022-11-09,application/pdf,026-2002-tabelas-cobertura-jornalística-folha,026-2002-tabelas-cobertura-jornalistica-folha.pdf,https://www.lab-doxa.org.br/wp-content/uploads/2022/11/026-2002-tabelas-cobertura-jornalistica-folha.pdf
2329,2022-11-09,application/pdf,023-2002-gráficos-cobertura-jornalísitca-JB,023-2002-graficos-cobertura-jornalisitca-JB.pdf,https://www.lab-doxa.org.br/wp-content/uploads/2022/11/023-2002-graficos-cobertura-jornalisitca-JB.pdf
2328,2022-11-09,application/pdf,024-2002-tabelas-cobertura-jornalísitca-JB,024-2002-tabelas-cobertura-jornalisitca-JB.pdf,https://www.lab-doxa.org.br/wp-content/uploads/2022/11/024-2002-tabelas-cobertura-jornalisitca-JB.pdf
2321,2022-11-09,application/pdf,022-2002-tabelas-cobertura-jornalísitca-oglobo,022-2002-tabelas-cobertura-jornalisitca-oglobo.pdf,https://www.lab-doxa.org.br/wp-content/uploads/2022/11/022-2002-tabelas-cobertura-jornalisitca-oglobo.pdf
2320,2022-11-09,application/pdf,021-2002-gráficos-cobertura-jornalísitca-oglobo,021-2002-graficos-cobertura-jornalisitca-oglobo.pdf,https://www.lab-doxa.org.br/wp-content/uploads/2022/11/021-2002-graficos-cobertura-jornalisitca-oglobo.pdf
2386,2022-11-10,application/pdf,007-1989-HGPE-Eleições – Aqui voce ve a verdade na teve – Afonso de Albuquerque,007-1989-HGPE-Eleicoes-Aqui-voce-ve-a-verdade-na-teve-Afonso-de-Albuquerque.pdf,https://www.lab-doxa.org.br/wp-content/uploads/2022/11/007-1989-HGPE-Eleicoes-Aqui-voce-ve-a-verdade-na-teve-Afonso-de-Albuquerque.pdf
2436,2022-11-14,application/pdf,Figueiredo_Guicheney_Lazzari,Figueiredo_Guicheney_Lazzari.pdf,https://www.lab-doxa.org.br/wp-content/uploads/2022/11/Figueiredo_Guicheney_Lazzari.pdf
2511,2022-11-17,application/pdf,Figueiredo_Guicheney_Lazzari_REVISTO_ed,Figueiredo_Guicheney_Lazzari_REVISTO_ed.pdf,https://www.lab-doxa.org.br/wp-content/uploads/2022/11/Figueiredo_Guicheney_Lazzari_REVISTO_ed.pdf
2573,2022-12-08,application/pdf,CARTAZ_Seminario Marcus Figueiredo.jpg,CARTAZ_Seminario-Marcus-Figueiredo.jpg.pdf,https://www.lab-doxa.org.br/wp-content/uploads/2022/12/CARTAZ_Seminario-Marcus-Figueiredo.jpg.pdf
2572,2022-12-08,application/pdf,HOM_MARCUS_DADOS 2014,HOM_MARCUS_DADOS-2014.pdf,https://www.lab-doxa.org.br/wp-content/uploads/2022/12/HOM_MARCUS_DADOS-2014.pdf
2670,2022-12-13,application/pdf,"Guarnieri, F_ Albuquerque, F. A implosão da centro-direita e o voto em Bolsonaro",Guarnieri-F_-Albuquerque-F.-A-implosao-da-centro-direita-e-o-voto-em-Bolsonaro.pdf,https://www.lab-doxa.org.br/wp-content/uploads/2022/12/Guarnieri-F_-Albuquerque-F.-A-implosao-da-centro-direita-e-o-voto-em-Bolsonaro.pdf
2669,2022-12-13,application/pdf,"Figueiredo, A._ Maciel, N. Os partidos nas eleições proporcionais no Estado do Rio de Janeiro",Figueiredo-A._-Maciel-N.-Os-partidos-nas-eleicoes-proporcionais-no-Estado-do-Rio-de-Janeiro.pdf,https://www.lab-doxa.org.br/wp-content/uploads/2022/12/Figueiredo-A._-Maciel-N.-Os-partidos-nas-eleicoes-proporcionais-no-Estado-do-Rio-de-Janeiro.pdf
2668,2022-12-13,application/pdf,"Curvelo, D. Resumo Horário Eleitoral de Propaganda para Governador do Estado do Rio de Janeiro (0110 – 0310)",Curvelo-D.-Resumo-Horario-Eleitoral-de-Propaganda-para-Governador-do-Estado-do-Rio-de-Janeiro-0110-–-0310.pdf,https://www.lab-doxa.org.br/wp-content/uploads/2022/12/Curvelo-D.-Resumo-Horario-Eleitoral-de-Propaganda-para-Governador-do-Estado-do-Rio-de-Janeiro-0110-–-0310.pdf
2667,2022-12-13,application/pdf,"Curvelo, D. Resumo do Horário Eleitoral Gratuito – 4ª Semana (259 a 2992018)",Curvelo-D.-Resumo-do-Horario-Eleitoral-Gratuito-–-4a-Semana-259-a-2992018.pdf,https://www.lab-doxa.org.br/wp-content/uploads/2022/12/Curvelo-D.-Resumo-do-Horario-Eleitoral-Gratuito-–-4a-Semana-259-a-2992018.pdf
2666,2022-12-13,application/pdf,"Cunha, C. Resumo do Horário Eleitoral Gratuito de Propaganda Eleitoral (HGPE) – 3ª Semana (1792018 a 2292018)",Cunha-C.-Resumo-do-Horario-Eleitoral-Gratuito-de-Propaganda-Eleitoral-HGPE-–-3a-Semana-1792018-a-2292018.pdf,https://www.lab-doxa.org.br/wp-content/uploads/2022/12/Cunha-C.-Resumo-do-Horario-Eleitoral-Gratuito-de-Propaganda-Eleitoral-HGPE-–-3a-Semana-1792018-a-2292018.pdf
2665,2022-12-13,application/pdf,"Cunha, C. Resumo do Horário Eleitoral Gratuito de Propaganda Eleitoral (HGPE) – 2° Semana (1092018 a 1592018)",Cunha-C.-Resumo-do-Horario-Eleitoral-Gratuito-de-Propaganda-Eleitoral-HGPE-–-2°-Semana-1092018-a-1592018.pdf,https://www.lab-doxa.org.br/wp-content/uploads/2022/12/Cunha-C.-Resumo-do-Horario-Eleitoral-Gratuito-de-Propaganda-Eleitoral-HGPE-–-2°-Semana-1092018-a-1592018.pdf
2664,2022-12-13,application/pdf,"Holanda, M. Resumo do Horário Eleitoral Gratuito de Propaganda Eleitoral (HGPE) – 1° Semana (3182018 A 892018)",Holanda-M.-Resumo-do-Horario-Eleitoral-Gratuito-de-Propaganda-Eleitoral-HGPE-1°-Semana-3182018-A-892018.pdf,https://www.lab-doxa.org.br/wp-content/uploads/2022/12/Holanda-M.-Resumo-do-Horario-Eleitoral-Gratuito-de-Propaganda-Eleitoral-HGPE-1°-Semana-3182018-A-892018.pdf
2777,2023-06-27,application/pdf,"Schaefer, B. (2023). TD – Tempo é dinheiro",Schaefer-B.-2023.-TD-Tempo-e-dinheiro.pdf,https://www.lab-doxa.org.br/wp-content/uploads/2023/06/Schaefer-B.-2023.-TD-Tempo-e-dinheiro.pdf
2857,2023-08-22,application/pdf,Pandemia e Mercado de Trabalho,Pandemia-e-Mercado-de-Trabalho.pdf,https://www.lab-doxa.org.br/wp-content/uploads/2023/08/Pandemia-e-Mercado-de-Trabalho.pdf
3016,2026-03-19,application/pdf,"Manes, M. (2024). Políticas de controle de armas",DOXA-Politicas-de-controle-de-armas-de-fogo-e-municao-no-Brasil-Matteo-Manes.pdf,https://www.lab-doxa.org.br/wp-content/uploads/2026/03/DOXA-Politicas-de-controle-de-armas-de-fogo-e-municao-no-Brasil-Matteo-Manes.pdf
2187,2022-10-26,application/vnd.openxmlformats-officedocument.spreadsheetml.sheet,DADOS_SURVEY_IESPBR_208324 – Wed Dec 16 2020_total,DADOS_SURVEY_IESPBR_208324-Wed-Dec-16-2020_total.xlsx,https://www.lab-doxa.org.br/wp-content/uploads/2022/10/DADOS_SURVEY_IESPBR_208324-Wed-Dec-16-2020_total.xlsx
2186,2022-10-26,application/vnd.openxmlformats-officedocument.spreadsheetml.sheet,DADOS_SURVEY_IESPBR_227821_20211208,DADOS_SURVEY_IESPBR_227821_20211208.xlsx,https://www.lab-doxa.org.br/wp-content/uploads/2022/10/DADOS_SURVEY_IESPBR_227821_20211208.xlsx
2206,2022-10-27,application/vnd.openxmlformats-officedocument.spreadsheetml.sheet,DOWNLOAD 2_ BANCO DE DADOS_DECRETOS COVID_RJ_3006,DOWNLOAD-2_-BANCO-DE-DADOS_DECRETOS-COVID_RJ_3006.xlsx,https://www.lab-doxa.org.br/wp-content/uploads/2022/10/DOWNLOAD-2_-BANCO-DE-DADOS_DECRETOS-COVID_RJ_3006.xlsx
2200,2022-10-27,application/vnd.openxmlformats-officedocument.spreadsheetml.sheet,DOWNLOAD 1_LISTA DE BUSCADORES_DECRETOS,DOWNLOAD-1_LISTA-DE-BUSCADORES_DECRETOS.xlsx,https://www.lab-doxa.org.br/wp-content/uploads/2022/10/DOWNLOAD-1_LISTA-DE-BUSCADORES_DECRETOS.xlsx
2279,2022-11-03,application/vnd.openxmlformats-officedocument.wordprocessingml.document,Solicitacao-de-Material-do-Acervo,Solicitacao-de-Material-do-Acervo.docx,https://www.lab-doxa.org.br/wp-content/uploads/2022/11/Solicitacao-de-Material-do-Acervo.docx
61,2022-06-21,image/gif,Mapa-ilustração,Mapa-ilustracao.gif,https://www.lab-doxa.org.br/wp-content/uploads/2022/06/Mapa-ilustracao.gif
60,2022-06-21,image/jpeg,slider11_1-1024×314,slider11_1-1024x314-1.jpg,https://www.lab-doxa.org.br/wp-content/uploads/2022/06/slider11_1-1024x314-1.jpg
15,2022-06-21,image/jpeg,cropped-Logo-Doxa_favicon.jpg,cropped-Logo-Doxa_favicon.jpg,https://www.lab-doxa.org.br/wp-content/uploads/2022/06/cropped-Logo-Doxa_favicon.jpg
14,2022-06-21,image/jpeg,Logo-Doxa_favicon,Logo-Doxa_favicon.jpg,https://www.lab-doxa.org.br/wp-content/uploads/2022/06/Logo-Doxa_favicon.jpg
132,2022-06-23,image/jpeg,Thiago,Thiago.jpg,https://www.lab-doxa.org.br/wp-content/uploads/2022/06/Thiago.jpg
131,2022-06-23,image/jpeg,Saulo,Saulo.jpg,https://www.lab-doxa.org.br/wp-content/uploads/2022/06/Saulo.jpg
130,2022-06-23,image/jpeg,Pedro-271×300,Pedro-271x300-1.jpg,https://www.lab-doxa.org.br/wp-content/uploads/2022/06/Pedro-271x300-1.jpg
129,2022-06-23,image/jpeg,Natalia,Natalia.jpg,https://www.lab-doxa.org.br/wp-content/uploads/2022/06/Natalia.jpg
128,2022-06-23,image/jpeg,Matheus-253×300,Matheus-253x300-1.jpeg,https://www.lab-doxa.org.br/wp-content/uploads/2022/06/Matheus-253x300-1.jpeg
127,2022-06-23,image/jpeg,Mateus-Leri-241×300,Mateus-Leri-241x300-1.jpeg,https://www.lab-doxa.org.br/wp-content/uploads/2022/06/Mateus-Leri-241x300-1.jpeg
126,2022-06-23,image/jpeg,Mariani,Mariani.jpg,https://www.lab-doxa.org.br/wp-content/uploads/2022/06/Mariani.jpg
125,2022-06-23,image/jpeg,Lattes1,Lattes1.jpg,https://www.lab-doxa.org.br/wp-content/uploads/2022/06/Lattes1.jpg
124,2022-06-23,image/jpeg,Larissa-300×200,Larissa-300x200-1.jpg,https://www.lab-doxa.org.br/wp-content/uploads/2022/06/Larissa-300x200-1.jpg
123,2022-06-23,image/jpeg,Julio,Julio.jpg,https://www.lab-doxa.org.br/wp-content/uploads/2022/06/Julio.jpg
122,2022-06-23,image/jpeg,Hellen,Hellen.jpg,https://www.lab-doxa.org.br/wp-content/uploads/2022/06/Hellen.jpg
121,2022-06-23,image/jpeg,Flavia,Flavia.jpg,https://www.lab-doxa.org.br/wp-content/uploads/2022/06/Flavia.jpg
120,2022-06-23,image/jpeg,Fernando-G,Fernando-G.jpg,https://www.lab-doxa.org.br/wp-content/uploads/2022/06/Fernando-G.jpg
119,2022-06-23,image/jpeg,Felipe,Felipe.jpg,https://www.lab-doxa.org.br/wp-content/uploads/2022/06/Felipe.jpg
118,2022-06-23,image/jpeg,Eduardo,Eduardo.jpg,https://www.lab-doxa.org.br/wp-content/uploads/2022/06/Eduardo.jpg
117,2022-06-23,image/jpeg,Cynthia-200×300,Cynthia-200x300-1.jpg,https://www.lab-doxa.org.br/wp-content/uploads/2022/06/Cynthia-200x300-1.jpg
116,2022-06-23,image/jpeg,Carolini-300×225,Carolini-300x225-1.jpg,https://www.lab-doxa.org.br/wp-content/uploads/2022/06/Carolini-300x225-1.jpg
115,2022-06-23,image/jpeg,Carolina-Botelho,Carolina-Botelho.jpg,https://www.lab-doxa.org.br/wp-content/uploads/2022/06/Carolina-Botelho.jpg
114,2022-06-23,image/jpeg,Argelina-279×300,Argelina-279x300-1.jpg,https://www.lab-doxa.org.br/wp-content/uploads/2022/06/Argelina-279x300-1.jpg
171,2022-06-24,image/jpeg,Arge2,Arge2.jpg,https://www.lab-doxa.org.br/wp-content/uploads/2022/06/Arge2.jpg
194,2022-06-27,image/jpeg,Thumbnail-Acervo-DOXA,Thumbnail-Acervo-DOXA.jpg,https://www.lab-doxa.org.br/wp-content/uploads/2022/06/Thumbnail-Acervo-DOXA.jpg
180,2022-06-27,image/jpeg,acervo-4-doxa-slider,acervo-4-doxa-slider.jpg,https://www.lab-doxa.org.br/wp-content/uploads/2022/06/acervo-4-doxa-slider.jpg
179,2022-06-27,image/jpeg,acervo-3-doxa-slider,acervo-3-doxa-slider.jpg,https://www.lab-doxa.org.br/wp-content/uploads/2022/06/acervo-3-doxa-slider.jpg
178,2022-06-27,image/jpeg,acervo-2-doxa-slider,acervo-2-doxa-slider.jpg,https://www.lab-doxa.org.br/wp-content/uploads/2022/06/acervo-2-doxa-slider.jpg
176,2022-06-27,image/jpeg,acervo-doxa-slider,acervo-doxa-slider.jpg,https://www.lab-doxa.org.br/wp-content/uploads/2022/06/acervo-doxa-slider.jpg
544,2022-08-04,image/jpeg,COVID-no-Estado-do-Rio-monitoramento-e-efeitos,COVID-no-Estado-do-Rio-monitoramento-e-efeitos.jpg,https://www.lab-doxa.org.br/wp-content/uploads/2022/08/COVID-no-Estado-do-Rio-monitoramento-e-efeitos.jpg
520,2022-08-04,image/jpeg,Seminário-25-anos-DOXA,Seminario-25-anos-DOXA.jpg,https://www.lab-doxa.org.br/wp-content/uploads/2022/08/Seminario-25-anos-DOXA.jpg
591,2022-08-05,image/jpeg,marcusfigueiredo_divulgacaoabcp_gra,marcusfigueiredo_divulgacaoabcp_gra.jpg,https://www.lab-doxa.org.br/wp-content/uploads/2022/08/marcusfigueiredo_divulgacaoabcp_gra.jpg
602,2022-08-09,image/jpeg,45-Encontro-Anual-ANPOCS,45-Encontro-Anual-ANPOCS.jpg,https://www.lab-doxa.org.br/wp-content/uploads/2022/08/45-Encontro-Anual-ANPOCS.jpg
778,2022-09-01,image/jpeg,logo-votaai-e1637548046742,logo-votaai-e1637548046742.jpg,https://www.lab-doxa.org.br/wp-content/uploads/2022/09/logo-votaai-e1637548046742.jpg
828,2022-09-08,image/jpeg,marcusfigueiredo_destaque,marcusfigueiredo_destaque.jpg,https://www.lab-doxa.org.br/wp-content/uploads/2022/09/marcusfigueiredo_destaque.jpg
821,2022-09-08,image/jpeg,COVID-no-Estado-do-Rio-monitoramento-e-efeitos_v2,COVID-no-Estado-do-Rio-monitoramento-e-efeitos_v2.jpg,https://www.lab-doxa.org.br/wp-content/uploads/2022/08/COVID-no-Estado-do-Rio-monitoramento-e-efeitos_v2.jpg
874,2022-09-09,image/jpeg,Pesquisa-Andamento_destaque,Pesquisa-Andamento_destaque.jpg,https://www.lab-doxa.org.br/wp-content/uploads/2022/09/Pesquisa-Andamento_destaque.jpg
1255,2022-10-06,image/jpeg,imagem-sobre-doxa_01,imagem-sobre-doxa_01.jpg,https://www.lab-doxa.org.br/wp-content/uploads/2022/10/imagem-sobre-doxa_01.jpg
1550,2022-10-14,image/jpeg,Foto-Argelina_nova,Foto-Argelina_nova.jpg,https://www.lab-doxa.org.br/wp-content/uploads/2022/10/Foto-Argelina_nova.jpg
2354,2022-11-09,image/jpeg,Eleições-2002-Valor,Eleicoes-2002-Valor.jpg,https://www.lab-doxa.org.br/wp-content/uploads/2022/11/Eleicoes-2002-Valor.jpg
2325,2022-11-09,image/jpeg,Eleições-2002-JB,Eleicoes-2002-JB.jpg,https://www.lab-doxa.org.br/wp-content/uploads/2022/11/Eleicoes-2002-JB.jpg
2324,2022-11-09,image/jpeg,Eleições-2002-Folha,Eleicoes-2002-Folha.jpg,https://www.lab-doxa.org.br/wp-content/uploads/2022/11/Eleicoes-2002-Folha.jpg
2323,2022-11-09,image/jpeg,Eleições-2002-Estadão,Eleicoes-2002-Estadao.jpg,https://www.lab-doxa.org.br/wp-content/uploads/2022/11/Eleicoes-2002-Estadao.jpg
2322,2022-11-09,image/jpeg,Eleições-2002-O-Globo,Eleicoes-2002-O-Globo.jpg,https://www.lab-doxa.org.br/wp-content/uploads/2022/11/Eleicoes-2002-O-Globo.jpg
2413,2022-11-11,image/jpeg,Doxa_20_parae-mail_azul,Doxa_20_parae-mail_azul.jpg,https://www.lab-doxa.org.br/wp-content/uploads/2022/11/Doxa_20_parae-mail_azul.jpg
2577,2022-12-08,image/jpeg,CARTAZ_Seminario Marcus Figueiredo,CARTAZ_Seminario-Marcus-Figueiredo.jpg,https://www.lab-doxa.org.br/wp-content/uploads/2022/12/CARTAZ_Seminario-Marcus-Figueiredo.jpg
2651,2022-12-13,image/jpeg,destaque-conjuntura-eleitoral,destaque-conjuntura-eleitoral.jpg,https://www.lab-doxa.org.br/wp-content/uploads/2022/12/destaque-conjuntura-eleitoral.jpg
2647,2022-12-13,image/jpeg,destaque-publicacoes-academicas,destaque-publicacoes-academicas.jpg,https://www.lab-doxa.org.br/wp-content/uploads/2022/12/destaque-publicacoes-academicas.jpg
2691,2022-12-16,image/jpeg,FIGUEIREDO_A DECISÃO DO VOTO_CARTAZ,FIGUEIREDO_A-DECISAO-DO-VOTO_CARTAZ-scaled.jpg,https://www.lab-doxa.org.br/wp-content/uploads/2022/12/FIGUEIREDO_A-DECISAO-DO-VOTO_CARTAZ-scaled.jpg
2786,2023-06-27,image/jpeg,"Schaefer, B. (2023). TD – Tempo é dinheiro_capa",Schaefer-B.-2023.-TD-Tempo-e-dinheiro_capa-scaled.jpg,https://www.lab-doxa.org.br/wp-content/uploads/2023/06/Schaefer-B.-2023.-TD-Tempo-e-dinheiro_capa-scaled.jpg
2836,2023-07-21,image/jpeg,Equipe-DOXA-Fernando-Meireles,Equipe-DOXA-Fernando-Meireles.jpg,https://www.lab-doxa.org.br/wp-content/uploads/2023/07/Equipe-DOXA-Fernando-Meireles.jpg
2835,2023-07-21,image/jpeg,Equipe-DOXA-Bruno-Schaefer,Equipe-DOXA-Bruno-Schaefer.jpg,https://www.lab-doxa.org.br/wp-content/uploads/2023/07/Equipe-DOXA-Bruno-Schaefer.jpg
2956,2024-09-24,image/jpeg,Karime Lima,Karime-Lima.jpeg,https://www.lab-doxa.org.br/wp-content/uploads/2024/09/Karime-Lima.jpeg
2955,2024-09-24,image/jpeg,Matteo de Barros Manes,Matteo-de-Barros-Manes.jpg,https://www.lab-doxa.org.br/wp-content/uploads/2024/09/Matteo-de-Barros-Manes.jpg
2954,2024-09-24,image/jpeg,Maria Dominguez,Maria-Dominguez.jpeg,https://www.lab-doxa.org.br/wp-content/uploads/2024/09/Maria-Dominguez.jpeg
2944,2024-09-24,image/jpeg,Destaque-Eventos-Eleições-Rio-São-Paulo-2024,Destaque-Eventos-Eleicoes-Rio-Sao-Paulo-2024.jpg,https://www.lab-doxa.org.br/wp-content/uploads/2024/09/Destaque-Eventos-Eleicoes-Rio-Sao-Paulo-2024.jpg
2971,2024-10-01,image/jpeg,Destaque-Eventos-Eleições-Rio-São-Paulo-2024_v2,Destaque-Eventos-Eleicoes-Rio-Sao-Paulo-2024_v2.jpg,https://www.lab-doxa.org.br/wp-content/uploads/2024/10/Destaque-Eventos-Eleicoes-Rio-Sao-Paulo-2024_v2.jpg
2977,2024-10-29,image/jpeg,Destaque-Eventos-DOXA-Convida-2024,Destaque-Eventos-DOXA-Convida-2024.jpg,https://www.lab-doxa.org.br/wp-content/uploads/2024/10/Destaque-Eventos-DOXA-Convida-2024.jpg
3057,2026-03-19,image/jpeg,vota-ai-display,vota-ai-display.jpg,https://www.lab-doxa.org.br/wp-content/uploads/2026/03/vota-ai-display.jpg
3049,2026-03-19,image/jpeg,img_background,img_background-scaled.jpg,https://www.lab-doxa.org.br/wp-content/uploads/2026/03/img_background-scaled.jpg
3019,2026-03-19,image/jpeg,Textos de Discussão,texto_discussao.jpg,https://www.lab-doxa.org.br/wp-content/uploads/2026/03/texto_discussao.jpg
3017,2026-03-19,image/jpeg,"Manes, M. (2024). Políticas de controle de armas",Manes-M.-2024.-Politicas-de-controle-de-armas.jpg,https://www.lab-doxa.org.br/wp-content/uploads/2026/03/Manes-M.-2024.-Politicas-de-controle-de-armas.jpg
169,2022-06-24,image/png,25-anos-do-doxa_branco,25-anos-do-doxa_branco.png,https://www.lab-doxa.org.br/wp-content/uploads/2022/06/25-anos-do-doxa_branco.png
498,2022-08-04,image/png,Logo_iesp_uerj_geral_png-290×300,Logo_iesp_uerj_geral_png-290x300-1.png,https://www.lab-doxa.org.br/wp-content/uploads/2022/08/Logo_iesp_uerj_geral_png-290x300-1.png
561,2022-08-05,image/png,Parceiros-UERJ,Parceiros-UERJ.png,https://www.lab-doxa.org.br/wp-content/uploads/2022/08/Parceiros-UERJ.png
560,2022-08-05,image/png,Parceiros-IESP-UERJ,Parceiros-IESP-UERJ.png,https://www.lab-doxa.org.br/wp-content/uploads/2022/08/Parceiros-IESP-UERJ.png
559,2022-08-05,image/png,Parceiros-IBOPE,Parceiros-IBOPE.png,https://www.lab-doxa.org.br/wp-content/uploads/2022/08/Parceiros-IBOPE.png
558,2022-08-05,image/png,Parceiros-FINEP,Parceiros-FINEP.png,https://www.lab-doxa.org.br/wp-content/uploads/2022/08/Parceiros-FINEP.png
557,2022-08-05,image/png,Parceiros-FAPERJ,Parceiros-FAPERJ.png,https://www.lab-doxa.org.br/wp-content/uploads/2022/08/Parceiros-FAPERJ.png
556,2022-08-05,image/png,Parceiros-CNPQ,Parceiros-CNPQ.png,https://www.lab-doxa.org.br/wp-content/uploads/2022/08/Parceiros-CNPQ.png
555,2022-08-05,image/png,Parceiros-CAPES,Parceiros-CAPES.png,https://www.lab-doxa.org.br/wp-content/uploads/2022/08/Parceiros-CAPES.png
554,2022-08-05,image/png,Parceiros-VOX,Parceiros-VOX.png,https://www.lab-doxa.org.br/wp-content/uploads/2022/08/Parceiros-VOX.png
643,2022-08-30,image/png,boca de jacaré,boca-de-jacare.png,https://www.lab-doxa.org.br/wp-content/uploads/2022/08/boca-de-jacare.png
1257,2022-10-06,image/png,imagem-sobre-doxa_transparent,imagem-sobre-doxa_transparent.png,https://www.lab-doxa.org.br/wp-content/uploads/2022/10/imagem-sobre-doxa_transparent.png
19,2022-06-21,image/svg+xml,Logo-Doxa_secundaria,Logo-Doxa_secundaria.svg,https://www.lab-doxa.org.br/wp-content/uploads/2022/06/Logo-Doxa_secundaria.svg
17,2022-06-21,image/svg+xml,Logo-Doxa_primaria,Logo-Doxa_primaria.svg,https://www.lab-doxa.org.br/wp-content/uploads/2022/06/Logo-Doxa_primaria.svg
86,2022-06-22,image/svg+xml,menu-icon,menu-icon.svg,https://www.lab-doxa.org.br/wp-content/uploads/2022/06/menu-icon.svg
97,2022-06-23,image/svg+xml,Logo-Doxa_azul,Logo-Doxa_azul.svg,https://www.lab-doxa.org.br/wp-content/uploads/2022/06/Logo-Doxa_azul.svg
