ano,eleicao,cargo,turno,titulo,url
1998,Proporcional,Deputado Estadual,,PAN,https://drive.google.com/file/d/1KOa1FIu3BttyEyDgs3Uo03rGt_u3dDu1/view?usp=sharing
1998,Proporcional,Deputado Estadual,,PC do B,https://drive.google.com/file/d/1RinKmcrWxTXeLCBg9TuykQexnKjzO__J/view?usp=sharing
1998,Proporcional,Deputado Estadual,,PCB,https://drive.google.com/file/d/1UKZh2NiELRawW9AZKdsO8R3CZdhTOq22/view?usp=sharing
1998,Proporcional,Deputado Estadual,,PDT,https://drive.google.com/file/d/1UtWOTF0NvxmvdqNp2SwYniK_KNPQzAly/view?usp=sharing
1998,Proporcional,Deputado Estadual,,PFL,https://drive.google.com/file/d/1ayyDNvdO93e3oAhrq9d0J0By_fRF-VXr/view?usp=sharing
1998,Proporcional,Deputado Estadual,,PGT,https://drive.google.com/file/d/1qfmNqmGbBM4h4U5G57bvc1v1TG3iyCS7/view?usp=sharing
1998,Proporcional,Deputado Estadual,,PHS,https://drive.google.com/file/d/1Xgm8wzofe1-4hXrT93rElIgrOyrf3LwE/view?usp=sharing
1998,Proporcional,Deputado Estadual,,PMDB,https://drive.google.com/file/d/1bglJ7ayU_fKfhSFacsxsN3b8zCXvunft/view?usp=sharing
1998,Proporcional,Deputado Estadual,,PMN,https://drive.google.com/file/d/16T0-7gWgzyYqvdxjPmPdYYT7WSZOr2BS/view?usp=sharing
1998,Proporcional,Deputado Estadual,,PP,https://drive.google.com/file/d/1r-GxvvjiXOHV0Dj0inmPM8toGMkU4H90/view?usp=sharing
1998,Proporcional,Deputado Estadual,,PPS,https://drive.google.com/file/d/1i3ocBafUE0aNdXnUWrqX6oga6upKWoiP/view?usp=sharing
1998,Proporcional,Deputado Estadual,,PR,https://drive.google.com/file/d/1smIYFKDYMXTlHM8kX6m193hXwX7flM1l/view?usp=sharing
1998,Proporcional,Deputado Estadual,,PRONA,https://drive.google.com/file/d/1Sbg-NWJy5YitTuAeRZf6ZhOIWhfIJrfZ/view?usp=sharing
1998,Proporcional,Deputado Estadual,,PRP,https://drive.google.com/file/d/18bQZ06Zo3kV6nxMUxROecPCQgl6ojZsa/view?usp=sharing
1998,Proporcional,Deputado Estadual,,PRTB,https://drive.google.com/file/d/1HshI5UJZYzWY7Wmw5-jmTC_z26H1Yb2a/view?usp=sharing
1998,Proporcional,Deputado Estadual,,PSB,https://drive.google.com/file/d/1-D7C7HKUaY6spdTJBx_PqcofrJFklYKF/view?usp=sharing
1998,Proporcional,Deputado Estadual,,PSC,https://drive.google.com/file/d/1v5hXbBpIfIBy8OzCQt_qHCB_vUDSvn9r/view?usp=sharing
1998,Proporcional,Deputado Estadual,,PSD,https://drive.google.com/file/d/1J7Ax43Bn5jcGuDaDgPDMxgBWSqu1r5ef/view?usp=sharing
1998,Proporcional,Deputado Estadual,,PSDB,https://drive.google.com/file/d/1hAIYTEWtzJqFCgCWE4ktEbgk9eF9NBvY/view?usp=sharing
1998,Proporcional,Deputado Estadual,,PSDC,https://drive.google.com/file/d/1cfnJeZ2afnsnCuv0vOy_iBshb1-753rA/view?usp=sharing
1998,Proporcional,Deputado Estadual,,PSL,https://drive.google.com/file/d/1F6dGI1HPuxIRbuJLe81ECaDorZ2ccjJO/view?usp=sharing
1998,Proporcional,Deputado Estadual,,PST,https://drive.google.com/file/d/1IqrQlP6WOxUWgfYLDX-t4uQQKZcuBjVE/view?usp=sharing
1998,Proporcional,Deputado Estadual,,PSTU,https://drive.google.com/file/d/1S2-kMTXfXoAQ9DYCAsRvCAOAnkyxJupC/view?usp=sharing
1998,Proporcional,Deputado Estadual,,PT,https://drive.google.com/file/d/147aX6VRA8P4eEdA_7YcP6kxz6Kqqv4sr/view?usp=sharing
1998,Proporcional,Deputado Estadual,,PT do B,https://drive.google.com/file/d/1pRZXoLY_eNr8CWF7Zhb9wSWTI7NFSEAo/view?usp=sharing
1998,Proporcional,Deputado Estadual,,PTB,https://drive.google.com/file/d/1SNlvvOpcSsIXJG-JPQQUQC2cUle8IwBC/view?usp=sharing
1998,Proporcional,Deputado Estadual,,PTC,https://drive.google.com/file/d/1c0LfUlJxY-OGncw5oUgjAS3EADEQ_fQc/view?usp=sharing
1998,Proporcional,Deputado Estadual,,PTN,https://drive.google.com/file/d/1Ys0jTu7S6l6s1PiTKNl1TaCIXI4u229c/view?usp=sharing
1998,Proporcional,Deputado Estadual,,PV,https://drive.google.com/file/d/1RfbUvWgZagGyvClhIgZyuKBIy8nWAKYP/view?usp=sharing
1998,Majoritaria,Governador,,,https://drive.google.com/file/d/1NQe_wzgqW4o5TwWxNnnaAH7txCrR3noN/view?usp=sharing
1998,Majoritaria,Presidente,,,https://drive.google.com/file/d/1nK2hMAK1F0K6lpa6f1zu54JuLbTbVenZ/view?usp=sharing
1998,Majoritaria,Senador,,,https://drive.google.com/file/d/1Rvi8h8ycjuCCI5tKzobqvUr7yxq9sAnO/view?usp=sharing
2002,Proporcional,Deputado Estadual,,PAN,https://drive.google.com/file/d/1_InVRFEHNpN_6jeytKf6jsiP0kzeIUIv/view?usp=sharing
2002,Proporcional,Deputado Estadual,,PC do B,https://drive.google.com/file/d/1KNqgmyAsAzaGtucbnk5GXSAX8uJIxGMF/view?usp=sharing
2002,Proporcional,Deputado Estadual,,PCO,https://drive.google.com/file/d/17UBW5UNmDew5fK8Y42F_37TJgbSGYoSs/view?usp=sharing
2002,Proporcional,Deputado Estadual,,PDT,https://drive.google.com/file/d/1HB-Ja5U5hLB2pUFXkKa3lPFtvP-nhPep/view?usp=sharing
2002,Proporcional,Deputado Estadual,,PFL,https://drive.google.com/file/d/1oTPs-etpKGx0MUPL3aYYxV3lHP7fP_tL/view?usp=sharing
2002,Proporcional,Deputado Estadual,,PGT,https://drive.google.com/file/d/1_ndgdGTgq_r6obDAc4aeU3EtTO-XqoyA/view?usp=sharing
2002,Proporcional,Deputado Estadual,,PHS,https://drive.google.com/file/d/1CpZRByQmqy3336JSlkDrzqoPQFYcycuX/view?usp=sharing
2002,Proporcional,Deputado Estadual,,PMDB,https://drive.google.com/file/d/12yh34kqNuN8i4RHnR0XzStRGpjtpBvrA/view?usp=sharing
2002,Proporcional,Deputado Estadual,,PMN,https://drive.google.com/file/d/1j70aMfirwBWBjK7Yxi09WUJHePYORid7/view?usp=sharing
2002,Proporcional,Deputado Estadual,,PP,https://drive.google.com/file/d/1I8K1CP0NeAR88tw3S9QC1Q8lBeRAcBmw/view?usp=sharing
2002,Proporcional,Deputado Estadual,,PPS,https://drive.google.com/file/d/1CgZZBJNyDoAQBawG9r8rbwkc9fNa_TnE/view?usp=sharing
2002,Proporcional,Deputado Estadual,,PR,https://drive.google.com/file/d/1AfaQF6BXxwIKNAdmlbBCLxrrO4YRadYb/view?usp=sharing
2002,Proporcional,Deputado Estadual,,PRONA,https://drive.google.com/file/d/1qt50dOjk45INBHu8NNeFLHBARJk-G9sh/view?usp=sharing
2002,Proporcional,Deputado Estadual,,PRP,https://drive.google.com/file/d/1L-TuCOmRT0l97CljWsQZ4dRpNpuu3jDv/view?usp=sharing
2002,Proporcional,Deputado Estadual,,PRTB,https://drive.google.com/file/d/1Glp9MduF8ujz5RoKKx7E8qMeASBi-v67/view?usp=sharing
2002,Proporcional,Deputado Estadual,,PSB,https://drive.google.com/file/d/1ikBqAz8kD1zDScPQMWI6uj47G8WXociI/view?usp=sharing
2002,Proporcional,Deputado Estadual,,PSC,https://drive.google.com/file/d/1sS5hF8YeyX6AnLK7xL9ip2oqRU00Yk3a/view?usp=sharing
2002,Proporcional,Deputado Estadual,,PSD,https://drive.google.com/file/d/1vdOaI7-14Ue1d2x_u4seIinC5z1e0QVl/view?usp=sharing
2002,Proporcional,Deputado Estadual,,PSDB,https://drive.google.com/file/d/1cqPskCtux4MNwwUuhyw7xT-y1LPjAMFz/view?usp=sharing
2002,Proporcional,Deputado Estadual,,PSDC,https://drive.google.com/file/d/1Jm6DDe5uFI7aQPgmjoUvTPBEYw2RykSz/view?usp=sharing
2002,Proporcional,Deputado Estadual,,PSL,https://drive.google.com/file/d/1qtFSC6FMN5Qlgkdh8o6s2X1lsfbvAsFR/view?usp=sharing
2002,Proporcional,Deputado Estadual,,PST,https://drive.google.com/file/d/1JqKzfwY8jPKCWpg1_EfqIGvHLJGJXoEL/view?usp=sharing
2002,Proporcional,Deputado Estadual,,PSTU,https://drive.google.com/file/d/1UkZmjrzjz-_i9zDoDqTGW7CVPUcQmV4G/view?usp=sharing
2002,Proporcional,Deputado Estadual,,PT,https://drive.google.com/file/d/1l9rTV_F7YtsfbgSATVXMK1xVTBQft9ja/view?usp=sharing
2002,Proporcional,Deputado Estadual,,PT do B,https://drive.google.com/file/d/1331MrIVjtsioP0CDZxo4553IEfSReQFH/view?usp=sharing
2002,Proporcional,Deputado Estadual,,PTB,https://drive.google.com/file/d/12YJLUMm1V0PvgALdZYwEPWi6DybRyQTi/view?usp=sharing
2002,Proporcional,Deputado Estadual,,PTC,https://drive.google.com/file/d/1mENY-vZ8P1Xu1l8TcvtDyS4Q1W7MHkD8/view?usp=sharing
2002,Proporcional,Deputado Estadual,,PTN,https://drive.google.com/file/d/17u3MQNhPtjM7PwpfOQhiXJgi6Vu17bCn/view?usp=sharing
2002,Proporcional,Deputado Federal,,PAN,https://drive.google.com/file/d/1D_oV2_HqVZWAVoK8aULnVCPq6hlCW8og/view?usp=sharing
2002,Proporcional,Deputado Federal,,PC do B,https://drive.google.com/file/d/1zrVOszA2N8anWy69LCQ7CrdLWpbeGkTB/view?usp=sharing
2002,Proporcional,Deputado Federal,,PCB,https://drive.google.com/file/d/1pNajQCGAVT4rrfDXOrAgrCFxOMGkI64q/view?usp=sharing
2002,Proporcional,Deputado Federal,,PCO,https://drive.google.com/file/d/1OD25D4i7uWCF1-0miEiX9fQMKic73fTA/view?usp=sharing
2002,Proporcional,Deputado Federal,,PDT,https://drive.google.com/file/d/1nIAqCJxFyuh2wtOyk1yGjxo3CNPRbd1I/view?usp=sharing
2002,Proporcional,Deputado Federal,,PFL,https://drive.google.com/file/d/19Neo901mGZVnaFhxStebjaj2TqGF4c1U/view?usp=sharing
2002,Proporcional,Deputado Federal,,PGT,https://drive.google.com/file/d/14JkwU1nR1x9fGKjyT5BTYSxM8cP2-GqE/view?usp=sharing
2002,Proporcional,Deputado Federal,,PHS,https://drive.google.com/file/d/129rkxmqlF9BLINSeejQiL3DBOco8jsDW/view?usp=sharing
2002,Proporcional,Deputado Federal,,PMDB,https://drive.google.com/file/d/1BI77uPEVnz_zLvxwcfMo15kiaKjNMn7C/view?usp=sharing
2002,Proporcional,Deputado Federal,,PMN,https://drive.google.com/file/d/1Q8JD7oeQR1CE2THtJcwgMAUydVVw7f17/view?usp=sharing
2002,Proporcional,Deputado Federal,,PP,https://drive.google.com/file/d/1D47WZfECDyaBrhMOLHZgmCSgi9h_6AFf/view?usp=sharing
2002,Proporcional,Deputado Federal,,PPS,https://drive.google.com/file/d/1Rb8dmhuK6YndLRW89k-SzQ8gvPtu7OsK/view?usp=sharing
2002,Proporcional,Deputado Federal,,PR,https://drive.google.com/file/d/1r6PsovIR9tCaJ4F-P3NGzw6yd_0BoKK8/view?usp=sharing
2002,Proporcional,Deputado Federal,,PRONA,https://drive.google.com/file/d/1jE14cXfwe2Gy9VfuLBvB97grLVMphG8J/view?usp=sharing
2002,Proporcional,Deputado Federal,,PRP,https://drive.google.com/file/d/11KRnmT4GnNy5-78bBy_zIHvO_rApda83/view?usp=sharing
2002,Proporcional,Deputado Federal,,PRTB,https://drive.google.com/file/d/1CIrL0TC4Y0jzC4wCIqUExnDVtNO_W4fC/view?usp=sharing
2002,Proporcional,Deputado Federal,,PSB,https://drive.google.com/file/d/1hondKnyzrtMf5iyOVqKZRQKS3DW1BN0X/view?usp=sharing
2002,Proporcional,Deputado Federal,,PSC,https://drive.google.com/file/d/1DLGL6i0kSj-yuX0_qi_bETy5WlODIIEd/view?usp=sharing
2002,Proporcional,Deputado Federal,,PSD,https://drive.google.com/file/d/1HgULPvnFwEsCbw2w3pZFRgru0MXHFpI3/view?usp=sharing
2002,Proporcional,Deputado Federal,,PSDB,https://drive.google.com/file/d/1dAgtN5_uDJAtiLHAEtwlg6gWT9ejuNl1/view?usp=sharing
2002,Proporcional,Deputado Federal,,PSDC,https://drive.google.com/file/d/1nPhj6MYaFMv4xX4Wj-m6EF9pPKWS3Z5D/view?usp=sharing
2002,Proporcional,Deputado Federal,,PSL,https://drive.google.com/file/d/1nRxbzutSXgFQjatqGZ1qlwqe59hRqKVK/view?usp=sharing
2002,Proporcional,Deputado Federal,,PST,https://drive.google.com/file/d/1wC0M6dD4Y_yuNOxVU-AB9D5fdF6hIvwC/view?usp=sharing
2002,Proporcional,Deputado Federal,,PSTU,https://drive.google.com/file/d/1k3mEIIJyxAoBeawtK5wrjBS2a-mY1ZAB/view?usp=sharing
2002,Proporcional,Deputado Federal,,PT,https://drive.google.com/file/d/1arBCUW9IxI_fjv9XRinUleu4smH2MMiN/view?usp=sharing
2002,Proporcional,Deputado Federal,,PT do B,https://drive.google.com/file/d/13U6Z4SIpNdgSU-WnaH6UcfjNDBUACAJz/view?usp=sharing
2002,Proporcional,Deputado Federal,,PTB,https://drive.google.com/file/d/1brZrjYmWgMfoLfDC6qk3NfgxPsgWgMgZ/view?usp=sharing
2002,Proporcional,Deputado Federal,,PTC,https://drive.google.com/file/d/1BJH6ABwuo9w5H_dRjOWSMHbgUHxCp282/view?usp=sharing
2002,Proporcional,Deputado Federal,,PTN,https://drive.google.com/file/d/1FB7WekTmdz87ndnh2tQ0CrYAJBMI4Fx1/view?usp=sharing
2002,Proporcional,Deputado Federal,,PV,https://drive.google.com/file/d/1CypF7m51GrIt0aA5zyiG7xllZZnC9BSU/view?usp=sharing
2002,Proporcional,Deputado Federal,,PV,https://drive.google.com/file/d/15fv2lcRJoAd7GbSERLrQiwr8iia-uQzA/view?usp=sharing
2002,Majoritaria,Governador,,,https://drive.google.com/file/d/1gtW0oYlypBxVI2--lzUq9Zi0ld_l2mps/view?usp=sharing
2002,Majoritaria,Presidente,,,https://drive.google.com/file/d/1kuaaIXQKtY31Lhh-K_22mPspwdd3xCV0/view?usp=sharing
2002,Majoritaria,Senador,,,https://drive.google.com/file/d/1U_eTQY8Z-ZMZt-4xc5xSY_scGzb89wYo/view?usp=sharing
2006,Proporcional,Deputado Estadual,,PAN,https://drive.google.com/file/d/11i1zIgOKyROIC-TkfZIdeanG1nf7fy55/view?usp=sharing
2006,Proporcional,Deputado Estadual,,PCB,https://drive.google.com/file/d/1eiMsyxzxSJbpLI0tC7PnuaUg6BZ_5Aj4/view?usp=sharing
2006,Proporcional,Deputado Estadual,,PCO,https://drive.google.com/file/d/1oABYbBcs-KxWiryOu-m5E0VOpRc83wLY/view?usp=sharing
2006,Proporcional,Deputado Estadual,,PCdoB,https://drive.google.com/file/d/1ih6UmMna-dsRSR6Pxqz7ShparZo6zSS0/view?usp=sharing
2006,Proporcional,Deputado Estadual,,PDT,https://drive.google.com/file/d/1fN5cx9AdVF_a6Hx66e5qyxe1FWkDwIZV/view?usp=sharing
2006,Proporcional,Deputado Estadual,,PFL,https://drive.google.com/file/d/14-knlVF25AwXjPLrJYq8Qo8JH7m1YBxM/view?usp=sharing
2006,Proporcional,Deputado Estadual,,PHS,https://drive.google.com/file/d/1_fe9FqbgRdZfqTdu20mRozZoosiZKn3C/view?usp=sharing
2006,Proporcional,Deputado Estadual,,PMDB,https://drive.google.com/file/d/1LfK1xRzCfsEmubG3VdxZw0Zzq0xzgp8o/view?usp=sharing
2006,Proporcional,Deputado Estadual,,PMN,https://drive.google.com/file/d/1ktr4hGRpwkRB0sRhiDcUuC9oeUi1WgJW/view?usp=sharing
2006,Proporcional,Deputado Estadual,,PP,https://drive.google.com/file/d/1z8sVeL-NZWjWy4QbAOI6ocdEmgCJw3Ft/view?usp=sharing
2006,Proporcional,Deputado Estadual,,PPS,https://drive.google.com/file/d/17yhSJoCvgMHyVVQNX4fdVp9r8G9waMCL/view?usp=sharing
2006,Proporcional,Deputado Estadual,,PR,https://drive.google.com/file/d/1lFR6alJf24fytz-tj2yfdH0TImxAhwgQ/view?usp=sharing
2006,Proporcional,Deputado Estadual,,PRB,https://drive.google.com/file/d/1fzLQbjZpPbdZrz9Y8GP-tDF3Og-WOQ9u/view?usp=sharing
2006,Proporcional,Deputado Estadual,,PRONA,https://drive.google.com/file/d/1uIxtRJv-l297tp12Thk322-6-FEAowem/view?usp=sharing
2006,Proporcional,Deputado Estadual,,PRP,https://drive.google.com/file/d/132Yvafbi3jNVIh_JNkrNvNIkpQWf60Rs/view?usp=sharing
2006,Proporcional,Deputado Estadual,,PRTB,https://drive.google.com/file/d/1VqFStQsE_g2R-U0gs1iAfyr5lqzqXW2e/view?usp=sharing
2006,Proporcional,Deputado Estadual,,PSB,https://drive.google.com/file/d/1RB7SJ5K56fzY9w5849QM3oVBvnC9Lw3V/view?usp=sharing
2006,Proporcional,Deputado Estadual,,PSC,https://drive.google.com/file/d/1XxKYN3ubRoGTBkUEiGwHkuuhOiwI1LJD/view?usp=sharing
2006,Proporcional,Deputado Estadual,,PSDB,https://drive.google.com/file/d/18OjJ9G5IIMFLwyoD3FMdWzaFvSbAh6gN/view?usp=sharing
2006,Proporcional,Deputado Estadual,,PSDC,https://drive.google.com/file/d/19defQF_m62sxqSSbtAU6XEdMTtf9qMqp/view?usp=sharing
2006,Proporcional,Deputado Estadual,,PSL,https://drive.google.com/file/d/1JxGAton3P54Vo6Djk254PsI0LYfIJhZy/view?usp=sharing
2006,Proporcional,Deputado Estadual,,PSOL,https://drive.google.com/file/d/1EYHgxA4EjRyEbW9j8ZF2XwaKWezeTRkz/view?usp=sharing
2006,Proporcional,Deputado Estadual,,PSTU,https://drive.google.com/file/d/1RLoAdbblkCO64knZuydm5xjN66MHYhOA/view?usp=sharing
2006,Proporcional,Deputado Estadual,,PT,https://drive.google.com/file/d/1h3U95h7dSbRw2GZq905KhN8lAYvc3ix0/view?usp=sharing
2006,Proporcional,Deputado Estadual,,PTB,https://drive.google.com/file/d/1E47XnVFInarKrObArvZusL9Nzq4eDI1E/view?usp=sharing
2006,Proporcional,Deputado Estadual,,PTC,https://drive.google.com/file/d/1uZtO3dRK52HWkIyJEpE7lUa0kVjmh8x9/view?usp=sharing
2006,Proporcional,Deputado Estadual,,PTdoB,https://drive.google.com/file/d/1wEObIQ9_1SuMsC35NORneDJ1OJ18GMAd/view?usp=sharing
2006,Proporcional,Deputado Estadual,,PV,https://drive.google.com/file/d/1hLEElPswiVd1nExebp-wOWRWIfNLAFNV/view?usp=sharing
2006,Proporcional,Deputado Federal,,PC do B,https://drive.google.com/file/d/1dJEr9kQfOxMlGefYl6IIoFMEbXPaz4pw/view?usp=sharing
2006,Proporcional,Deputado Federal,,PCB,https://drive.google.com/file/d/1WYW4Peo83YQexXIfVuVjZHHjVwei8c_W/view?usp=sharing
2006,Proporcional,Deputado Federal,,PCO,https://drive.google.com/file/d/1wBD978s93EEPMR3gX1C3iyjyYl6L9HPc/view?usp=sharing
2006,Proporcional,Deputado Federal,,PDT,https://drive.google.com/file/d/1VMWRcW2e5D16OF49YCqk-2WXUDceeX6N/view?usp=sharing
2006,Proporcional,Deputado Federal,,PFL,https://drive.google.com/file/d/1oR3Er9ak8oJGM2k4YDEguUqVDcAk7xDQ/view?usp=sharing
2006,Proporcional,Deputado Federal,,PHS,https://drive.google.com/file/d/1h3nwhmq_NLolG05mVxEtwSH3AYl-PNHb/view?usp=sharing
2006,Proporcional,Deputado Federal,,PMDB,https://drive.google.com/file/d/1L9xLscJhKyAy1etZevMxoPOLqWszkxdS/view?usp=sharing
2006,Proporcional,Deputado Federal,,PMN,https://drive.google.com/file/d/1mM1lIAGfSYBWDrESQ8zNgkIWFVDHavMg/view?usp=sharing
2006,Proporcional,Deputado Federal,,PP,https://drive.google.com/file/d/1VLPuoNGTmynjw8JXzQkiidk118DjABQo/view?usp=sharing
2006,Proporcional,Deputado Federal,,PPS,https://drive.google.com/file/d/1eiS3AjXjNm4vP4rdrAsv3vt1gDZ4_ait/view?usp=sharing
2006,Proporcional,Deputado Federal,,PR,https://drive.google.com/file/d/1KLwp4iREyjM_FG0IpgTyaco_kHyjpJ16/view?usp=sharing
2006,Proporcional,Deputado Federal,,PRB,https://drive.google.com/file/d/1ywZzlfwEWAPNA5kd9XxgBQ9dYA7W62q9/view?usp=sharing
2006,Proporcional,Deputado Federal,,PRONA,https://drive.google.com/file/d/1tV-YMenwUr48kaWnmoppFH02dhcLiHL_/view?usp=sharing
2006,Proporcional,Deputado Federal,,PRP,https://drive.google.com/file/d/1gHNfJPg08_Loj38lCFg5UvoXVLCVwQmL/view?usp=sharing
2006,Proporcional,Deputado Federal,,PRTB,https://drive.google.com/file/d/1qseKaNRoKclrjHSqn35_qIlYzvH0iCWq/view?usp=sharing
2006,Proporcional,Deputado Federal,,PSB,https://drive.google.com/file/d/1Cn0yURugW_D0_Tuo0ONQj6FQqmLy6bPf/view?usp=sharing
2006,Proporcional,Deputado Federal,,PSC,https://drive.google.com/file/d/1Q6BTcwqYmVFnXAI-N7TeumjYdeYdqfr9/view?usp=sharing
2006,Proporcional,Deputado Federal,,PSDB,https://drive.google.com/file/d/1qlbdW4vt0fGC7Cngkk9e0BnE68XCVBZT/view?usp=sharing
2006,Proporcional,Deputado Federal,,PSDC,https://drive.google.com/file/d/14xX_OkGHBqETVm3JvHK9O2u2pxWNzZ0j/view?usp=sharing
2006,Proporcional,Deputado Federal,,PSL,https://drive.google.com/file/d/1p0K8FZgwWiMW0uK1P6RXiebnjV7_3Dxx/view?usp=sharing
2006,Proporcional,Deputado Federal,,PSOL,https://drive.google.com/file/d/1i-vxV7VbJnoPLk3kKXfE-D1TMJ_yzaL-/view?usp=sharing
2006,Proporcional,Deputado Federal,,PSTU,https://drive.google.com/file/d/1Z9kM2T0IJ9tIAo2LXDZibLDHuSGdtkID/view?usp=sharing
2006,Proporcional,Deputado Federal,,PT,https://drive.google.com/file/d/1ryHN0EAldN_Ge3K-G20DfNthqDNSLPOo/view?usp=sharing
2006,Proporcional,Deputado Federal,,PT do B,https://drive.google.com/file/d/1zhv74n8ZFvligHqWjiqTyPVQ0sfwLMiF/view?usp=sharing
2006,Proporcional,Deputado Federal,,PTB,https://drive.google.com/file/d/19Hmh-1G7kYmaH6YVM3nE_co7HfIzeDBx/view?usp=sharing
2006,Proporcional,Deputado Federal,,PTC,https://drive.google.com/file/d/1Xswf4XTqoqCTjQLh7N__JYqcg1jXNAMW/view?usp=sharing
2006,Proporcional,Deputado Federal,,PTN,https://drive.google.com/file/d/1K3TzhhK8S7gnCKHXIwSobq3Tlc2kLRNP/view?usp=sharing
2006,Proporcional,Deputado Federal,,PV,https://drive.google.com/file/d/1K6YaEVHdjTlZxp7ids-1C1tSECqMzLpr/view?usp=sharing
2006,Majoritaria,Governador,,,https://drive.google.com/file/d/1bD3tWW0fKKTS8qUd1A59OEKYu_nYNi4j/view?usp=sharing
2006,Majoritaria,Presidente,,,https://drive.google.com/file/d/1xjTYSnHKlYRovWUa9lQTUNJ9Kb8HUdiS/view?usp=sharing
2006,Majoritaria,Senador,,,https://drive.google.com/file/d/1DNInKU5Vur8a1OiD_hPeLlPErnt46eBm/view?usp=sharing
2010,Proporcional,Deputado Estadual,,DEM,https://drive.google.com/file/d/1ouI8GDuJj5An1hCTpcpZSMQj-qPXvAN8/view?usp=sharing
2010,Proporcional,Deputado Estadual,,PC do B,https://drive.google.com/file/d/1Yv-XZNvJdMhILwwG_8Mgl5s4KUFr2A_k/view?usp=sharing
2010,Proporcional,Deputado Estadual,,PCB,https://drive.google.com/file/d/1kEN8MVhFxzj-hkTp58Xn7XglvMCtnem8/view?usp=sharing
2010,Proporcional,Deputado Estadual,,PDT,https://drive.google.com/file/d/1C4k3OeBA7mQhqMD_RpcGFBfHgwRmFdU_/view?usp=sharing
2010,Proporcional,Deputado Estadual,,PHS,https://drive.google.com/file/d/1mgz0eb3KEcN3Qay8c-X-Y3r6OpWj9mU_/view?usp=sharing
2010,Proporcional,Deputado Estadual,,PMDB,https://drive.google.com/file/d/18URMFx1XjJRBvaGtkZLmIxErp4fR-T3j/view?usp=sharing
2010,Proporcional,Deputado Estadual,,PMN,https://drive.google.com/file/d/1d4VrYs8zd_Tk8QHeFEU-UQRZNSBGjBbj/view?usp=sharing
2010,Proporcional,Deputado Estadual,,PP,https://drive.google.com/file/d/1bDS7mdwbTRKlWEpjLFG0jRZTO7TrcrPr/view?usp=sharing
2010,Proporcional,Deputado Estadual,,PPS,https://drive.google.com/file/d/1qs_qBY3Pe-hq9Fgwezq4ew2dCvJYsMk5/view?usp=sharing
2010,Proporcional,Deputado Estadual,,PR,https://drive.google.com/file/d/130L7ECoLXjD1kYr9SA_ErWlOATxskbTM/view?usp=sharing
2010,Proporcional,Deputado Estadual,,PRP,https://drive.google.com/file/d/1CS5xVDtqR5wM4LVy4t5IvwF0Lyf0_8QT/view?usp=sharing
2010,Proporcional,Deputado Estadual,,PRTB,https://drive.google.com/file/d/17OtcoCSUQibdWPUjKp5hCC4fl4IVLhZj/view?usp=sharing
2010,Proporcional,Deputado Estadual,,PSB,https://drive.google.com/file/d/10hUDsT4kea1Uuvc5hbRwzViVWf_GL-Cy/view?usp=sharing
2010,Proporcional,Deputado Estadual,,PSC,https://drive.google.com/file/d/1bjjlb6Cou9oHqCp8AB8zak62cqCGjQgy/view?usp=sharing
2010,Proporcional,Deputado Estadual,,PSDB,https://drive.google.com/file/d/11QWGfUDU2IM_EEfpCad70kEH7NlXeY8C/view?usp=sharing
2010,Proporcional,Deputado Estadual,,PSDC,https://drive.google.com/file/d/1AkanXOQrbVymRX3lq73Ss5FdEZXeSEpf/view?usp=sharing
2010,Proporcional,Deputado Estadual,,PSL,https://drive.google.com/file/d/1zXI-4hiHWYJZIyHABkd6J59JbfYBQ9tV/view?usp=sharing
2010,Proporcional,Deputado Estadual,,PSOL,https://drive.google.com/file/d/1Npm8i1MpqXi5OODGXOKwHQFwoUA0Xa5W/view?usp=sharing
2010,Proporcional,Deputado Estadual,,PSTU,https://drive.google.com/file/d/1YwOYVp8Br-DY1AyyxtiJJ03CIlHpZBr6/view?usp=sharing
2010,Proporcional,Deputado Estadual,,PT,https://drive.google.com/file/d/1x_7HvMtDeJsB0Zzu6o_M7B7KrFxFbBWH/view?usp=sharing
2010,Proporcional,Deputado Estadual,,PT do B,https://drive.google.com/file/d/1lLa_ND_kHqgM3IYEPIU5qr4Uyj0fNUcs/view?usp=sharing
2010,Proporcional,Deputado Estadual,,PTB,https://drive.google.com/file/d/1raQUazOHY16UrXZZZJjMsC6ztQ9if2Si/view?usp=sharing
2010,Proporcional,Deputado Estadual,,PTC,https://drive.google.com/file/d/1cyyxeAcBTV4WGihHcLVNasIwuKKKQcNh/view?usp=sharing
2010,Proporcional,Deputado Estadual,,PTN,https://drive.google.com/file/d/1lA7cAItQusLxa2Hb7vroq71RFpr8_VrO/view?usp=sharing
2010,Proporcional,Deputado Estadual,,PV,https://drive.google.com/file/d/1Z-SujqVgGwA2VLPTZvvDvCjf-41_LrGX/view?usp=sharing
2010,Proporcional,Deputado Federal,,DEM,https://drive.google.com/file/d/1XillNhQub_8Z1K_7Y-w-r_TBE0cYINs8/view?usp=sharing
2010,Proporcional,Deputado Federal,,PC do B,https://drive.google.com/file/d/1lqmClKo3RqdDXMGCrAfzrkUzkm4oggdX/view?usp=sharing
2010,Proporcional,Deputado Federal,,PCB,https://drive.google.com/file/d/1UM29Jbt1tHeAQAT6vj6uBhH1RNkT6Lmr/view?usp=sharing
2010,Proporcional,Deputado Federal,,PDT,https://drive.google.com/file/d/16j6eCjauLeDjNdaag3kDiRsQUl3aa5ka/view?usp=sharing
2010,Proporcional,Deputado Federal,,PHS,https://drive.google.com/file/d/1kz09Cj7-uxAZK1oqP72B5XhaHw93UEfz/view?usp=sharing
2010,Proporcional,Deputado Federal,,PMDB,https://drive.google.com/file/d/19xijV3Fih8B0kBWvI9BCbFXpLmGHG63k/view?usp=sharing
2010,Proporcional,Deputado Federal,,PMN,https://drive.google.com/file/d/1jmmBO93-2j2GKROwOVjZth0nd8bqugp8/view?usp=sharing
2010,Proporcional,Deputado Federal,,PP,https://drive.google.com/file/d/1w-Ay9PZVEiUp8RzS_PVC99PE1AQihLXD/view?usp=sharing
2010,Proporcional,Deputado Federal,,PPS,https://drive.google.com/file/d/1pd_Ptn1J6o_LxONLVLVc6xtsXY0FPXYB/view?usp=sharing
2010,Proporcional,Deputado Federal,,PR,https://drive.google.com/file/d/1E17eizyKaJckfrSQ-DLwpThcNb-5N3X7/view?usp=sharing
2010,Proporcional,Deputado Federal,,PRB,https://drive.google.com/file/d/1PUvQpBQRCyE0Pgex5lOLA0Td23CtdMYa/view?usp=sharing
2010,Proporcional,Deputado Federal,,PRP,https://drive.google.com/file/d/1mW0fQzfGeZxXkL5QgFHARBZbg1yhRhxV/view?usp=sharing
2010,Proporcional,Deputado Federal,,PRTB,https://drive.google.com/file/d/1rmYuZ7QuKyv4evJJSEd8nXwDNy5y7pTe/view?usp=sharing
2010,Proporcional,Deputado Federal,,PSB,https://drive.google.com/file/d/1blGNNgsZj3ob6L58e7ZsbYQWAUTaCcO0/view?usp=sharing
2010,Proporcional,Deputado Federal,,PSC,https://drive.google.com/file/d/1K7B9f9npbTxLVo88EDLIIrjVA-SZK0qd/view?usp=sharing
2010,Proporcional,Deputado Federal,,PSDB,https://drive.google.com/file/d/1Y73DySAg4iEu7AH2K2V08XePXHDi_N0Q/view?usp=sharing
2010,Proporcional,Deputado Federal,,PSDC,https://drive.google.com/file/d/1VqZ_Pzs4Qz022-2gGM0Oa2fcLa32ggao/view?usp=sharing
2010,Proporcional,Deputado Federal,,PSL,https://drive.google.com/file/d/1jIzceAB2TeFdDo3X91psFF1ZECigWeO-/view?usp=sharing
2010,Proporcional,Deputado Federal,,PSOL,https://drive.google.com/file/d/1CB_0WFWi-XgJizVrWtIvdSxVGiNrMvFi/view?usp=sharing
2010,Proporcional,Deputado Federal,,PSTU,https://drive.google.com/file/d/1j9odmPDEzVLKVXi5NAQtGN53dtuuSKS5/view?usp=sharing
2010,Proporcional,Deputado Federal,,PT,https://drive.google.com/file/d/1fi5XBysqIihujab-I05fv9bzikk7VV9T/view?usp=sharing
2010,Proporcional,Deputado Federal,,PT do B,https://drive.google.com/file/d/191r1FuaECTi8VQa8MPRyOl9LGxJIBJeK/view?usp=sharing
2010,Proporcional,Deputado Federal,,PTB,https://drive.google.com/file/d/15H4dPj3pBXp98uuWWHgRjfnrm4kNnqPP/view?usp=sharing
2010,Proporcional,Deputado Federal,,PTC,https://drive.google.com/file/d/1MVEtZCjF0gI8o_ontJ3doPt25GCGzPxz/view?usp=sharing
2010,Proporcional,Deputado Federal,,PTN,https://drive.google.com/file/d/17XQyVuD4TvyNw3sujqTlQ4HUo54ljxT2/view?usp=sharing
2010,Proporcional,Deputado Federal,,PV,https://drive.google.com/file/d/1_UXo-asdcwzQPRdMyHoJZpNUZ75SF6io/view?usp=sharing
2010,Majoritaria,Governador,,,https://drive.google.com/file/d/1k1h9WEJ0FNsCAdhNkZh1CwUdlcCNoNIf/view?usp=sharing
2010,Majoritaria,Presidente,,,https://drive.google.com/file/d/1yE7CS1sX1AkA38S9HLLu6FkYlOJEt75D/view?usp=sharing
2010,Majoritaria,Senador,,,https://drive.google.com/file/d/1VTJgnpEFAaPkFNCQGPhJuZbUYAp7Sn7O/view?usp=sharing
2014,Proporcional,Deputado Estadual,,DEM,https://drive.google.com/file/d/1uspwVnXcoFbXKiybOibnhHlivv0uH7N1/view?usp=sharing
2014,Proporcional,Deputado Estadual,,PC do B,https://drive.google.com/file/d/1dwvJ9iOzk1RsumntNMbglyRvCS5b-LPv/view?usp=sharing
2014,Proporcional,Deputado Estadual,,PCB,https://drive.google.com/file/d/1YlDsYnq3VAZXl9f4m-h22fK1mx-3xBI0/view?usp=sharing
2014,Proporcional,Deputado Estadual,,PDT,https://drive.google.com/file/d/1tst0UEgEiH7yyZVYo9QW42DdQLMqwxDq/view?usp=sharing
2014,Proporcional,Deputado Estadual,,PEN,https://drive.google.com/file/d/14IjevaPx7_pIYL6iawdZplUARAbdo0QJ/view?usp=sharing
2014,Proporcional,Deputado Estadual,,PHS,https://drive.google.com/file/d/1LJLMI27wAOjItjFsM9SBrRWyfUDoZCfb/view?usp=sharing
2014,Proporcional,Deputado Estadual,,PMDB,https://drive.google.com/file/d/11ZIwA8gd53odR3GSsKmrLcL4tbuALSkN/view?usp=sharing
2014,Proporcional,Deputado Estadual,,PMN,https://drive.google.com/file/d/18mWgHsRb1NDq6roSmpbROV79pgAsaKI1/view?usp=sharing
2014,Proporcional,Deputado Estadual,,PP,https://drive.google.com/file/d/1yiu__fuQ2pQ2ringBGjuTt1bfVeUOB7O/view?usp=sharing
2014,Proporcional,Deputado Estadual,,PPL,https://drive.google.com/file/d/1bYScfkOX5ywhTSFsNw76XMs-YFckghAz/view?usp=sharing
2014,Proporcional,Deputado Estadual,,PPS,https://drive.google.com/file/d/1QfUaQ2nCNVBgAVKEEURgT-i7WbLyIhwH/view?usp=sharing
2014,Proporcional,Deputado Estadual,,PR,https://drive.google.com/file/d/1bmD6rITrUK2TeK4xOVPC-emqwmpghFBD/view?usp=sharing
2014,Proporcional,Deputado Estadual,,PRB,https://drive.google.com/file/d/1jf-T8wzz4FRdqlN9iHndVVhhpvshSsf4/view?usp=sharing
2014,Proporcional,Deputado Estadual,,PROS,https://drive.google.com/file/d/1ITl83jh9cmKvp5x7vf0wZJ7Y7kwJgEJQ/view?usp=sharing
2014,Proporcional,Deputado Estadual,,PRP,https://drive.google.com/file/d/1JdunLOq4WFo0cEedEumzXpGUGN9E6ysA/view?usp=sharing
2014,Proporcional,Deputado Estadual,,PRTB,https://drive.google.com/file/d/1SrXojKoh8zGmcw-ElEucpVQZu7NpqnE1/view?usp=sharing
2014,Proporcional,Deputado Estadual,,PSB,https://drive.google.com/file/d/1a9tH8tGdvFnHxoF7QXrOzYAkkLFD_Wuv/view?usp=sharing
2014,Proporcional,Deputado Estadual,,PSC,https://drive.google.com/file/d/1xA8UiIoACEJMIrP9ZZCwGsEpPBHC8UBi/view?usp=sharing
2014,Proporcional,Deputado Estadual,,PSD,https://drive.google.com/file/d/1WecbPgUb-2MEJa8j8ITnmM82Jq-N77AC/view?usp=sharing
2014,Proporcional,Deputado Estadual,,PSDB,https://drive.google.com/file/d/1PfT8VzeHgVsg7uUKmbUeNyboYurA-p6H/view?usp=sharing
2014,Proporcional,Deputado Estadual,,PSDC,https://drive.google.com/file/d/1WftfcaGNg6CaljRN0Tnif9W1kswaKsng/view?usp=sharing
2014,Proporcional,Deputado Estadual,,PSL,https://drive.google.com/file/d/1EGpGnKplAw6twImc-5445n9t-1bwRTPl/view?usp=sharing
2014,Proporcional,Deputado Estadual,,PSOL,https://drive.google.com/file/d/1Zu_3oYJ41vLuKXbg859rXQznfWkz-sDy/view?usp=sharing
2014,Proporcional,Deputado Estadual,,PSTU,https://drive.google.com/file/d/1Vi3RnAaBfMML8K6bjC6ZJkU185RULEg-/view?usp=sharing
2014,Proporcional,Deputado Estadual,,PT,https://drive.google.com/file/d/1Vhx9gc-TfmBRwrPcHgYLTw4WC-pKsFQZ/view?usp=sharing
2014,Proporcional,Deputado Estadual,,PT do B,https://drive.google.com/file/d/183nKbJJJUQhEDSKmmIgCZH4xG3-WXR-B/view?usp=sharing
2014,Proporcional,Deputado Estadual,,PTB,https://drive.google.com/file/d/1z5Q6--RpOztLem9iaJBlfEnnbBWguoRZ/view?usp=sharing
2014,Proporcional,Deputado Estadual,,PTC,https://drive.google.com/file/d/1p60lMRe7MzO3JwGzAkqBNxlQ6an6Coto/view?usp=sharing
2014,Proporcional,Deputado Estadual,,PTN,https://drive.google.com/file/d/1N10pXZAWk1u-9ijEi_9UPAC0DSW1QarT/view?usp=sharing
2014,Proporcional,Deputado Estadual,,PV,https://drive.google.com/file/d/1SsgQNH5R57-zb-bEDuEZ6oRvzUOsIikT/view?usp=sharing
2014,Proporcional,Deputado Estadual,,SDD,https://drive.google.com/file/d/1O-xsygRKpxZgAE4i0hlgVIa6vm4yZ5TQ/view?usp=sharing
2014,Proporcional,Deputado Federal,,DEM,https://drive.google.com/file/d/14wzO66hMOJeo1iSG3z5aafb46Vehv5BR/view?usp=sharing
2014,Proporcional,Deputado Federal,,PC do B,https://drive.google.com/file/d/1EA-DKCZLNJJsCP4lqLwL7mNpk57jgiAH/view?usp=sharing
2014,Proporcional,Deputado Federal,,PCB,https://drive.google.com/file/d/1fvGJzbN_Ez3fj-ZL5r1d0Q4X23YimmWj/view?usp=sharing
2014,Proporcional,Deputado Federal,,PCO,https://drive.google.com/file/d/1fqhf72Wvi-h7qlGsTyQvSSU9EgnprtvB/view?usp=sharing
2014,Proporcional,Deputado Federal,,PDT,https://drive.google.com/file/d/1iT9k0OQ7TA6AMlbuWN5fwcGEPXnaRM9l/view?usp=sharing
2014,Proporcional,Deputado Federal,,PEN,https://drive.google.com/file/d/1xUStVsmsYXF7rOja0kJzLHmyyodGyD0n/view?usp=sharing
2014,Proporcional,Deputado Federal,,PHS,https://drive.google.com/file/d/1Ixl6hoe1xGw-XnNfMx_yCfhC6C5Q9P_S/view?usp=sharing
2014,Proporcional,Deputado Federal,,PMDB,https://drive.google.com/file/d/1z8WQztE18iq3T4exhu9rKIBDbyUFc979/view?usp=sharing
2014,Proporcional,Deputado Federal,,PMN,https://drive.google.com/file/d/1d3Ee0KUNZyScR3SciF49f8jgv5g6N7Xu/view?usp=sharing
2014,Proporcional,Deputado Federal,,PP,https://drive.google.com/file/d/12u3uHAfl4hykJMmh2f-TZyb7df67trQz/view?usp=sharing
2014,Proporcional,Deputado Federal,,PPL,https://drive.google.com/file/d/1yxK5-6d-q-m2Qh1Mw7pITM7m5bQcmgBu/view?usp=sharing
2014,Proporcional,Deputado Federal,,PPS,https://drive.google.com/file/d/1vlV7PQedbiniazScIiioRpgFczEXvBR5/view?usp=sharing
2014,Proporcional,Deputado Federal,,PR,https://drive.google.com/file/d/1ryQ_oL00Fklp_utXNC3szWFwoxkzkiIb/view?usp=sharing
2014,Proporcional,Deputado Federal,,PRB,https://drive.google.com/file/d/12fl2Tqrr5aeSqCNu6-HGVwRXbaCph_-Q/view?usp=sharing
2014,Proporcional,Deputado Federal,,PROS,https://drive.google.com/file/d/17oaYUmTK6oiqw0m1RPA4LEoz0tEgL8X2/view?usp=sharing
2014,Proporcional,Deputado Federal,,PRP,https://drive.google.com/file/d/1myvwW9fLc1ML5Aw0vuyKLCt4WMTSJPJR/view?usp=sharing
2014,Proporcional,Deputado Federal,,PRTB,https://drive.google.com/file/d/1J3XwBu9rvYQPSOtv7D5mhZyZTpiN7OEh/view?usp=sharing
2014,Proporcional,Deputado Federal,,PSB,https://drive.google.com/file/d/1idPmU73GuGO_wogmdjs2sAI1jgauHhWD/view?usp=sharing
2014,Proporcional,Deputado Federal,,PSC,https://drive.google.com/file/d/1tHF0on8D5u1wpBEFZj9y7xFOrxL_Cggn/view?usp=sharing
2014,Proporcional,Deputado Federal,,PSD,https://drive.google.com/file/d/1nR-D-2GLDJtSvREFxOlX8Ny1tokELfqm/view?usp=sharing
2014,Proporcional,Deputado Federal,,PSDB,https://drive.google.com/file/d/1bxhGNre1vpE1npaAabn9xnXbMHUUST6J/view?usp=sharing
2014,Proporcional,Deputado Federal,,PSDC,https://drive.google.com/file/d/1Y3MGN266PsQXzNPH-6o8a1eJj4HWKBny/view?usp=sharing
2014,Proporcional,Deputado Federal,,PSL,https://drive.google.com/file/d/1zeoColClc19zm8IzLi_qIiNBFgTsxUkt/view?usp=sharing
2014,Proporcional,Deputado Federal,,PSOL,https://drive.google.com/file/d/1l09-IYZiaLoQvIadzJu-v24kFvoL_0NE/view?usp=sharing
2014,Proporcional,Deputado Federal,,PSTU,https://drive.google.com/file/d/1MxhmAdTJ4f0cwm3HEPXMqOkicaBRNvKv/view?usp=sharing
2014,Proporcional,Deputado Federal,,PT,https://drive.google.com/file/d/1l2JpjaD3WaIiQZVU9AIH7GJ4bfRy1q__/view?usp=sharing
2014,Proporcional,Deputado Federal,,PT do B,https://drive.google.com/file/d/1-iSPbbzpd2TOyRyzZeLolkeLe1_AW15U/view?usp=sharing
2014,Proporcional,Deputado Federal,,PTB,https://drive.google.com/file/d/1InG47Ypyp1jL2I5gYriJtiiLGSS7XIGy/view?usp=sharing
2014,Proporcional,Deputado Federal,,PTC,https://drive.google.com/file/d/1ak5qi4dvysaWwZr5TcMPkZBkmjRrhON2/view?usp=sharing
2014,Proporcional,Deputado Federal,,PTN,https://drive.google.com/file/d/1RruakQNNM8DttdcLiXM9ra5phyAfeHBy/view?usp=sharing
2014,Proporcional,Deputado Federal,,PV,https://drive.google.com/file/d/1J9001YFaQczcQAce1exJ5h82266P2YKN/view?usp=sharing
2014,Proporcional,Deputado Federal,,SDD,https://drive.google.com/file/d/1zQCybtOppKQL7uSdPxeelaH3QpCWEVj6/view?usp=sharing
2014,Majoritaria,Governador,,,https://drive.google.com/file/d/1VdzqHTmND8N65z5KYcD1XhKWaM68VuWL/view?usp=sharing
2014,Majoritaria,Presidente,,,https://drive.google.com/file/d/14ElCBwLb_ND6UhIAMXmZAy1fD7MhTM_5/view?usp=sharing
2014,Majoritaria,Senador,,,https://drive.google.com/file/d/1ZquPRQ6p-_ZH8NN_3J1xOFPvyT0MP9Zg/view?usp=sharing
