arquivo,bytes,sha256,origem,novo
DEM-DE2010.pdf,2725495,219759adde74c48d3cb08f0bb06dffd0cc405376613450eb2d2bbd843056b3a4,https://www.lab-doxa.org.br/wp-content/uploads/2022/10/DEM-DE2010.pdf,https://drive.google.com/file/d/1ouI8GDuJj5An1hCTpcpZSMQj-qPXvAN8/view?usp=sharing
DEM-DE2014-1.pdf,2726876,59db19216b2f5d4e0ec082914a54364f0df47f749996c67996855514da8f9448,https://www.lab-doxa.org.br/wp-content/uploads/2022/10/DEM-DE2014-1.pdf,https://drive.google.com/file/d/1uspwVnXcoFbXKiybOibnhHlivv0uH7N1/view?usp=sharing
DEM-DF2010.pdf,2701757,efaf99c5d11ca03aa5f146a325b703ee347618da140e3b1101175191caf84f3f,https://www.lab-doxa.org.br/wp-content/uploads/2022/10/DEM-DF2010.pdf,https://drive.google.com/file/d/1XillNhQub_8Z1K_7Y-w-r_TBE0cYINs8/view?usp=sharing
DEM-DF2014.pdf,2726639,812e2258c6e83a19e0b9b3d4b0e749a5067042c44afc6b6b24b8087d851903df,https://www.lab-doxa.org.br/wp-content/uploads/2022/10/DEM-DF2014.pdf,https://drive.google.com/file/d/14wzO66hMOJeo1iSG3z5aafb46Vehv5BR/view?usp=sharing
PAN-DE1998.pdf,3797382,1d0f70c17794b03b67d198bf523f21299e1cfebcdb5461fc3111ebce31e63961,https://www.lab-doxa.org.br/wp-content/uploads/2022/10/PAN-DE1998.pdf,https://drive.google.com/file/d/1KOa1FIu3BttyEyDgs3Uo03rGt_u3dDu1/view?usp=sharing
PAN-DE2002.pdf,2608264,c6c2b039b8b9a3aff4ca7893bb61231bb821a450e434afcf181735b6b9afe64b,https://www.lab-doxa.org.br/wp-content/uploads/2022/10/PAN-DE2002.pdf,https://drive.google.com/file/d/1_InVRFEHNpN_6jeytKf6jsiP0kzeIUIv/view?usp=sharing
PAN-DE2006.pdf,2736008,86292c135502b229b83d4e3d8fb13800866805b74d13015cd84acc5f8144b6fa,https://www.lab-doxa.org.br/wp-content/uploads/2022/10/PAN-DE2006.pdf,https://drive.google.com/file/d/11i1zIgOKyROIC-TkfZIdeanG1nf7fy55/view?usp=sharing
PAN-DF2002.pdf,2646059,2a5f864cb0aed329a1929a095550d8d01ec7e52c659327c151bfe4b995c091e4,https://www.lab-doxa.org.br/wp-content/uploads/2022/10/PAN-DF2002.pdf,https://drive.google.com/file/d/1D_oV2_HqVZWAVoK8aULnVCPq6hlCW8og/view?usp=sharing
PC-do-B-DE1998.pdf,2727721,88ab51647cef89f52b6d42466bc884111e5e19f4c753483b58721cdbaccfd160,https://www.lab-doxa.org.br/wp-content/uploads/2022/10/PC-do-B-DE1998.pdf,https://drive.google.com/file/d/1RinKmcrWxTXeLCBg9TuykQexnKjzO__J/view?usp=sharing
PC-do-B-DE2002.pdf,2611325,d7bfd14f319bfa7398aa8cff282e7a229f5c74f03831531119f4accab396936a,https://www.lab-doxa.org.br/wp-content/uploads/2022/10/PC-do-B-DE2002.pdf,https://drive.google.com/file/d/1KNqgmyAsAzaGtucbnk5GXSAX8uJIxGMF/view?usp=sharing
PC-do-B-DE2010.pdf,2714626,8acc631022a7c45ac14e7f94cff23cfdd3c2678b287bf2f4ff72dd7b9b63fe10,https://www.lab-doxa.org.br/wp-content/uploads/2022/10/PC-do-B-DE2010.pdf,https://drive.google.com/file/d/1Yv-XZNvJdMhILwwG_8Mgl5s4KUFr2A_k/view?usp=sharing
PC-do-B-DE2014-1.pdf,2725635,f5ddf176d555d468a9645e69d0fe75664bba6d3887a6743185eeffb212414f9d,https://www.lab-doxa.org.br/wp-content/uploads/2022/10/PC-do-B-DE2014-1.pdf,https://drive.google.com/file/d/1dwvJ9iOzk1RsumntNMbglyRvCS5b-LPv/view?usp=sharing
PC-do-B-DF2002.pdf,2650615,95ee61cb80471fb520122f4d130fe6d660dd6ea686596a3d3f54e5ffda8db3aa,https://www.lab-doxa.org.br/wp-content/uploads/2022/10/PC-do-B-DF2002.pdf,https://drive.google.com/file/d/1zrVOszA2N8anWy69LCQ7CrdLWpbeGkTB/view?usp=sharing
PC-do-B-DF2006.pdf,2737586,f86dce819dce8143dd3fc1cd845387534031836f2f6c3c23e6a03c6eda8fc7b5,https://www.lab-doxa.org.br/wp-content/uploads/2022/10/PC-do-B-DF2006.pdf,https://drive.google.com/file/d/1dJEr9kQfOxMlGefYl6IIoFMEbXPaz4pw/view?usp=sharing
PC-do-B-DF2010.pdf,2700939,656b7a3c7010f4b22641c7a39399a39dcc772f17d06518303f4878be51663147,https://www.lab-doxa.org.br/wp-content/uploads/2022/10/PC-do-B-DF2010.pdf,https://drive.google.com/file/d/1lqmClKo3RqdDXMGCrAfzrkUzkm4oggdX/view?usp=sharing
PC-do-B-DF2014.pdf,2724065,6f8d96bae28189b46a798557844750979281b17d04a3334b0cb6a8c3896a8855,https://www.lab-doxa.org.br/wp-content/uploads/2022/10/PC-do-B-DF2014.pdf,https://drive.google.com/file/d/1EA-DKCZLNJJsCP4lqLwL7mNpk57jgiAH/view?usp=sharing
PCB-DE1998.pdf,2732660,f654e9746237abaeef6948d8fec328ce417c7b825a602f25520d24926dbcc9f0,https://www.lab-doxa.org.br/wp-content/uploads/2022/10/PCB-DE1998.pdf,https://drive.google.com/file/d/1UKZh2NiELRawW9AZKdsO8R3CZdhTOq22/view?usp=sharing
PCB-DE2006.pdf,2737318,e6b5152ec882efa5d7399cbc91aeb14c9565e550c9d4f29c865185c3df3796e9,https://www.lab-doxa.org.br/wp-content/uploads/2022/10/PCB-DE2006.pdf,https://drive.google.com/file/d/1eiMsyxzxSJbpLI0tC7PnuaUg6BZ_5Aj4/view?usp=sharing
PCB-DE2010.pdf,2726605,654e161f353f0bd34b616fa2a7e1cb8fa64f5fe8c98a0f580a8d3c39be34af2c,https://www.lab-doxa.org.br/wp-content/uploads/2022/10/PCB-DE2010.pdf,https://drive.google.com/file/d/1kEN8MVhFxzj-hkTp58Xn7XglvMCtnem8/view?usp=sharing
PCB-DE2014-1.pdf,2728907,714deb0d321c827e0e62522d958b783618f2563d761ffe649a7f98f5e14ffc52,https://www.lab-doxa.org.br/wp-content/uploads/2022/10/PCB-DE2014-1.pdf,https://drive.google.com/file/d/1YlDsYnq3VAZXl9f4m-h22fK1mx-3xBI0/view?usp=sharing
PCB-DF2002.pdf,3638504,ccbf8db9f4860040a2f0eeeebb8d04e79d65c59d4015124e542aef545f4114db,https://www.lab-doxa.org.br/wp-content/uploads/2022/10/PCB-DF2002.pdf,https://drive.google.com/file/d/1pNajQCGAVT4rrfDXOrAgrCFxOMGkI64q/view?usp=sharing
PCB-DF2006.pdf,2737305,3c468d451d8e073fdb8307c660510237734280a384061ac23e81ebe2ab60e9b4,https://www.lab-doxa.org.br/wp-content/uploads/2022/10/PCB-DF2006.pdf,https://drive.google.com/file/d/1WYW4Peo83YQexXIfVuVjZHHjVwei8c_W/view?usp=sharing
PCB-DF2010.pdf,2712665,1aaa9ea966b208e3c86dc6959fafc9098e30c9d3c96ea6c41622b3ec72e305ae,https://www.lab-doxa.org.br/wp-content/uploads/2022/10/PCB-DF2010.pdf,https://drive.google.com/file/d/1UM29Jbt1tHeAQAT6vj6uBhH1RNkT6Lmr/view?usp=sharing
PCB-DF2014.pdf,3801127,15ec3c9887f376f95a280fdb27dab53fe6cdcaff8e4a9eae9a73faca14985028,https://www.lab-doxa.org.br/wp-content/uploads/2022/10/PCB-DF2014.pdf,https://drive.google.com/file/d/1fvGJzbN_Ez3fj-ZL5r1d0Q4X23YimmWj/view?usp=sharing
PCO-DE2002.pdf,2613122,a5c77839f63a61a2b699aca1a2ca7056c019acbd098da596987d405446d51ad0,https://www.lab-doxa.org.br/wp-content/uploads/2022/10/PCO-DE2002.pdf,https://drive.google.com/file/d/17UBW5UNmDew5fK8Y42F_37TJgbSGYoSs/view?usp=sharing
PCO-DE2006.pdf,3824473,fd5145c481ef4b32ceda9a4b678966a5ca217d27dc80a979aeb65dfb8d69c2c4,https://www.lab-doxa.org.br/wp-content/uploads/2022/10/PCO-DE2006.pdf,https://drive.google.com/file/d/1oABYbBcs-KxWiryOu-m5E0VOpRc83wLY/view?usp=sharing
PCO-DF2002.pdf,2650228,ca747eb4e9bdb2c3def482729fa0f52227812f525a6c4d569682dbcbbd16228b,https://www.lab-doxa.org.br/wp-content/uploads/2022/10/PCO-DF2002.pdf,https://drive.google.com/file/d/1OD25D4i7uWCF1-0miEiX9fQMKic73fTA/view?usp=sharing
PCO-DF2006.pdf,3823354,1d309a8f7d14a332200f28bdfcc946acfb2dbc3ea027934505b938eb68ba7849,https://www.lab-doxa.org.br/wp-content/uploads/2022/10/PCO-DF2006.pdf,https://drive.google.com/file/d/1wBD978s93EEPMR3gX1C3iyjyYl6L9HPc/view?usp=sharing
PCO-DF2014.pdf,2715569,f7d93574dd22316eaa756e07caf7f2eea1f3a39fdd6ced071e3ccb5593fef3f2,https://www.lab-doxa.org.br/wp-content/uploads/2022/10/PCO-DF2014.pdf,https://drive.google.com/file/d/1fqhf72Wvi-h7qlGsTyQvSSU9EgnprtvB/view?usp=sharing
PCdoB-DE2006.pdf,4086401,53d025bde9260fd7700345e54bf79b5ccd60aa5d5b3c1b54f63f0f580c2900d5,https://www.lab-doxa.org.br/wp-content/uploads/2022/10/PCdoB-DE2006.pdf,https://drive.google.com/file/d/1ih6UmMna-dsRSR6Pxqz7ShparZo6zSS0/view?usp=sharing
PDT-DE1998.pdf,3779113,4b6a05f78bc02dceec83610179a5a5d3aaa8a5398564442e16eab5c795c1d4c9,https://www.lab-doxa.org.br/wp-content/uploads/2022/10/PDT-DE1998.pdf,https://drive.google.com/file/d/1UtWOTF0NvxmvdqNp2SwYniK_KNPQzAly/view?usp=sharing
PDT-DE2002.pdf,2608629,dc4e036b4166848237ef0b37893c1938a976e64620d221cd734c568a6e9d5d9c,https://www.lab-doxa.org.br/wp-content/uploads/2022/10/PDT-DE2002.pdf,https://drive.google.com/file/d/1HB-Ja5U5hLB2pUFXkKa3lPFtvP-nhPep/view?usp=sharing
PDT-DE2006.pdf,2736758,090efbf5ec602faa0c23465e6ccb0bd2600096c5c1200c1aafaf5c92c66f60ca,https://www.lab-doxa.org.br/wp-content/uploads/2022/10/PDT-DE2006.pdf,https://drive.google.com/file/d/1fN5cx9AdVF_a6Hx66e5qyxe1FWkDwIZV/view?usp=sharing
PDT-DE2010.pdf,2726143,5e641ec5eaa50f9a9fd88b8ab4853d83d33f2ed65f5e948cfefed1eb55e5218b,https://www.lab-doxa.org.br/wp-content/uploads/2022/10/PDT-DE2010.pdf,https://drive.google.com/file/d/1C4k3OeBA7mQhqMD_RpcGFBfHgwRmFdU_/view?usp=sharing
PDT-DE2014-1.pdf,2715957,d070c91a4f067b069de698e41d351b7a21c51f7c856dd405d641a4e7e3f3a562,https://www.lab-doxa.org.br/wp-content/uploads/2022/10/PDT-DE2014-1.pdf,https://drive.google.com/file/d/1tst0UEgEiH7yyZVYo9QW42DdQLMqwxDq/view?usp=sharing
PDT-DF2002.pdf,3640875,37a78fb2bc4e9c518568143cb312f87adedd1bccce88d58d94af8c228287e780,https://www.lab-doxa.org.br/wp-content/uploads/2022/10/PDT-DF2002.pdf,https://drive.google.com/file/d/1nIAqCJxFyuh2wtOyk1yGjxo3CNPRbd1I/view?usp=sharing
PDT-DF2006.pdf,2739582,f7299d198f0899f1339d120f8747928d21e9ca41cdcf3d457c097f19f2ff5169,https://www.lab-doxa.org.br/wp-content/uploads/2022/10/PDT-DF2006.pdf,https://drive.google.com/file/d/1VMWRcW2e5D16OF49YCqk-2WXUDceeX6N/view?usp=sharing
PDT-DF2010.pdf,2703334,4d81d18b4cf1c48d97bb98b3fad42e0710f44a72c79d212599c376e94125f5c7,https://www.lab-doxa.org.br/wp-content/uploads/2022/10/PDT-DF2010.pdf,https://drive.google.com/file/d/16j6eCjauLeDjNdaag3kDiRsQUl3aa5ka/view?usp=sharing
PDT-DF2014.pdf,2729612,819636e8f6ca91c811f46e0a015ad1ced121be7656a3ad59426e1dff1b190f36,https://www.lab-doxa.org.br/wp-content/uploads/2022/10/PDT-DF2014.pdf,https://drive.google.com/file/d/1iT9k0OQ7TA6AMlbuWN5fwcGEPXnaRM9l/view?usp=sharing
PEN-DE2014-1.pdf,2728512,9a33ed3bf290f4afbec8b73b30fbe9db20598d0dfb18d980e19893e8a9e45731,https://www.lab-doxa.org.br/wp-content/uploads/2022/10/PEN-DE2014-1.pdf,https://drive.google.com/file/d/14IjevaPx7_pIYL6iawdZplUARAbdo0QJ/view?usp=sharing
PEN-DF2014.pdf,2724212,7faa7d8a8ffe28c2687e10b88e0763a600907064b2953350e528f68930a3a15a,https://www.lab-doxa.org.br/wp-content/uploads/2022/10/PEN-DF2014.pdf,https://drive.google.com/file/d/1xUStVsmsYXF7rOja0kJzLHmyyodGyD0n/view?usp=sharing
PFL-DE1998.pdf,2730092,57e14f9ce59e406f47e910a83aa9057f1dd5e41765d70fb4490f516851cfca00,https://www.lab-doxa.org.br/wp-content/uploads/2022/10/PFL-DE1998.pdf,https://drive.google.com/file/d/1ayyDNvdO93e3oAhrq9d0J0By_fRF-VXr/view?usp=sharing
PFL-DE2002.pdf,2610857,f3cec047982b2ee8470b86eecb59f81cf823ed6eb890b6cd16404c392d3075d4,https://www.lab-doxa.org.br/wp-content/uploads/2022/10/PFL-DE2002.pdf,https://drive.google.com/file/d/1oTPs-etpKGx0MUPL3aYYxV3lHP7fP_tL/view?usp=sharing
PFL-DE2006.pdf,2748705,3b72d42b1f395ccfd34953c0cd82d6e6b7df50444c87aabdf335cd4964cdf1c4,https://www.lab-doxa.org.br/wp-content/uploads/2022/10/PFL-DE2006.pdf,https://drive.google.com/file/d/14-knlVF25AwXjPLrJYq8Qo8JH7m1YBxM/view?usp=sharing
PFL-DF2002.pdf,2646464,8faa1faeb60c6f3cc36928073e0fca4696c5031aca969a30e657b48c7b33b256,https://www.lab-doxa.org.br/wp-content/uploads/2022/10/PFL-DF2002.pdf,https://drive.google.com/file/d/19Neo901mGZVnaFhxStebjaj2TqGF4c1U/view?usp=sharing
PFL-DF2006.pdf,2738959,2acf9dacc18e70bb8d38a576ff578d68ad08da0727dc60ca3fbbeaf2f6a72068,https://www.lab-doxa.org.br/wp-content/uploads/2022/10/PFL-DF2006.pdf,https://drive.google.com/file/d/1oR3Er9ak8oJGM2k4YDEguUqVDcAk7xDQ/view?usp=sharing
PGT-DE1998.pdf,2725597,31ba19625cfec46f17aa63106b2c81b72731d0ba4b1dfc9a56f9720973055a3e,https://www.lab-doxa.org.br/wp-content/uploads/2022/10/PGT-DE1998.pdf,https://drive.google.com/file/d/1qfmNqmGbBM4h4U5G57bvc1v1TG3iyCS7/view?usp=sharing
PGT-DE2002.pdf,2618585,0893c907fa4dab9d2dfdb4fa48e10ac4c9c34017c8fad337bfe572244a263cb0,https://www.lab-doxa.org.br/wp-content/uploads/2022/10/PGT-DE2002.pdf,https://drive.google.com/file/d/1_ndgdGTgq_r6obDAc4aeU3EtTO-XqoyA/view?usp=sharing
PGT-DF2002.pdf,2651487,84c19a3acf1217ccd3a3e7265d1252cc29b88e22756dea15ecb936344f3f7219,https://www.lab-doxa.org.br/wp-content/uploads/2022/10/PGT-DF2002.pdf,https://drive.google.com/file/d/14JkwU1nR1x9fGKjyT5BTYSxM8cP2-GqE/view?usp=sharing
PHS-DE1998.pdf,2728366,bf5934e9b548e64f9ab42ad0b3b7d5a9984003c55fa707d29419c84114d912f7,https://www.lab-doxa.org.br/wp-content/uploads/2022/10/PHS-DE1998.pdf,https://drive.google.com/file/d/1Xgm8wzofe1-4hXrT93rElIgrOyrf3LwE/view?usp=sharing
PHS-DE2002.pdf,2608376,e3db1ac826ecad8e476a84c9dd407af019271cb7ecd90e91d73b1e33d9cb31c4,https://www.lab-doxa.org.br/wp-content/uploads/2022/10/PHS-DE2002.pdf,https://drive.google.com/file/d/1CpZRByQmqy3336JSlkDrzqoPQFYcycuX/view?usp=sharing
PHS-DE2006.pdf,2736538,d8cb320e166a8b5e574f7260383bb42841099c8a423c378c0ad0d1e611fde269,https://www.lab-doxa.org.br/wp-content/uploads/2022/10/PHS-DE2006.pdf,https://drive.google.com/file/d/1_fe9FqbgRdZfqTdu20mRozZoosiZKn3C/view?usp=sharing
PHS-DE2010.pdf,2722843,c320fdd05eedd1e84fed2c2c5e03e209dc0cf7eda448efed874cfdd3dacddee1,https://www.lab-doxa.org.br/wp-content/uploads/2022/10/PHS-DE2010.pdf,https://drive.google.com/file/d/1mgz0eb3KEcN3Qay8c-X-Y3r6OpWj9mU_/view?usp=sharing
PHS-DE2014-1.pdf,2717616,d34d0856808b096c1f6cee97d32e13b177708901c72405d1927b1b3a47b82b7a,https://www.lab-doxa.org.br/wp-content/uploads/2022/10/PHS-DE2014-1.pdf,https://drive.google.com/file/d/1LJLMI27wAOjItjFsM9SBrRWyfUDoZCfb/view?usp=sharing
PHS-DF2002.pdf,2651001,c2f8723fb69259f61f2b5f7a0fe77f31d40972acbf86f28a3c08b7ab63f2a89c,https://www.lab-doxa.org.br/wp-content/uploads/2022/10/PHS-DF2002.pdf,https://drive.google.com/file/d/129rkxmqlF9BLINSeejQiL3DBOco8jsDW/view?usp=sharing
PHS-DF2006.pdf,2745260,f3efc8e613231a58babeabfeb5a98a5df7bf04a78f8249d088e1e438652befc2,https://www.lab-doxa.org.br/wp-content/uploads/2022/10/PHS-DF2006.pdf,https://drive.google.com/file/d/1h3nwhmq_NLolG05mVxEtwSH3AYl-PNHb/view?usp=sharing
PHS-DF2010.pdf,2712608,1ebd2de0b2d541e0245706dac262324a3dfc25075c3eeb70455c3f8002dbc97f,https://www.lab-doxa.org.br/wp-content/uploads/2022/10/PHS-DF2010.pdf,https://drive.google.com/file/d/1kz09Cj7-uxAZK1oqP72B5XhaHw93UEfz/view?usp=sharing
PHS-DF2014.pdf,2724447,1ebbdaabfb6c2d18d56f6486b30d48333511484a182021133542819a9b1041aa,https://www.lab-doxa.org.br/wp-content/uploads/2022/10/PHS-DF2014.pdf,https://drive.google.com/file/d/1Ixl6hoe1xGw-XnNfMx_yCfhC6C5Q9P_S/view?usp=sharing
PMDB-DE1998.pdf,2726078,a04e1f655a18512f5be2b2f0b50b345d7328ca84c66ab236143fe3720c7e54aa,https://www.lab-doxa.org.br/wp-content/uploads/2022/10/PMDB-DE1998.pdf,https://drive.google.com/file/d/1bglJ7ayU_fKfhSFacsxsN3b8zCXvunft/view?usp=sharing
PMDB-DE2002.pdf,2609583,10d8760cb5a15327e27e030f63e68592b0d59b377f8d7a0c810a0636d686e66b,https://www.lab-doxa.org.br/wp-content/uploads/2022/10/PMDB-DE2002.pdf,https://drive.google.com/file/d/12yh34kqNuN8i4RHnR0XzStRGpjtpBvrA/view?usp=sharing
PMDB-DE2006.pdf,2734844,23e79837c3512ed53071f69f5535bc3acf4816c459a7e075ba4c033e9b4a35bc,https://www.lab-doxa.org.br/wp-content/uploads/2022/10/PMDB-DE2006.pdf,https://drive.google.com/file/d/1LfK1xRzCfsEmubG3VdxZw0Zzq0xzgp8o/view?usp=sharing
PMDB-DE2010.pdf,2721965,9dc3dee1566d19f93deb4b2886c1ee8191b1e960828f26209f4e075beb8df812,https://www.lab-doxa.org.br/wp-content/uploads/2022/10/PMDB-DE2010.pdf,https://drive.google.com/file/d/18URMFx1XjJRBvaGtkZLmIxErp4fR-T3j/view?usp=sharing
PMDB-DE2014-1.pdf,2712835,78fa24fc8f90ccfe6e5bdaf81a6c41df517da76806c914e6c272391ef2292d46,https://www.lab-doxa.org.br/wp-content/uploads/2022/10/PMDB-DE2014-1.pdf,https://drive.google.com/file/d/11ZIwA8gd53odR3GSsKmrLcL4tbuALSkN/view?usp=sharing
PMDB-DF2002.pdf,2647473,ef5402da502c00ce307d214a4fdc11048842dc8e4daa416c0c67f47480cf47a8,https://www.lab-doxa.org.br/wp-content/uploads/2022/10/PMDB-DF2002.pdf,https://drive.google.com/file/d/1BI77uPEVnz_zLvxwcfMo15kiaKjNMn7C/view?usp=sharing
PMDB-DF2006.pdf,2740004,5e2cd4274c294a69718fb0b51f235f0d0fa84caa02d3252aa717d95c56dc0fdf,https://www.lab-doxa.org.br/wp-content/uploads/2022/10/PMDB-DF2006.pdf,https://drive.google.com/file/d/1L9xLscJhKyAy1etZevMxoPOLqWszkxdS/view?usp=sharing
PMDB-DF2010.pdf,2705797,a7d37484f2a0346c97dd46272425ac4cba3862168318d0a6f9667e1f9728265e,https://www.lab-doxa.org.br/wp-content/uploads/2022/10/PMDB-DF2010.pdf,https://drive.google.com/file/d/19xijV3Fih8B0kBWvI9BCbFXpLmGHG63k/view?usp=sharing
PMDB-DF2014.pdf,2730782,06c1ed09af9d001205df2ee90bbe13dcf6adfcd00d9aaa00aa2859a8735dfc86,https://www.lab-doxa.org.br/wp-content/uploads/2022/10/PMDB-DF2014.pdf,https://drive.google.com/file/d/1z8WQztE18iq3T4exhu9rKIBDbyUFc979/view?usp=sharing
PMN-DE1998.pdf,2727783,323749de83cef6ab9831c8474de9d504ff3448f72afd2073e9af22da9044b6ca,https://www.lab-doxa.org.br/wp-content/uploads/2022/10/PMN-DE1998.pdf,https://drive.google.com/file/d/16T0-7gWgzyYqvdxjPmPdYYT7WSZOr2BS/view?usp=sharing
PMN-DE2002.pdf,2623641,1f90fd4c02b6f05c3181d80f8da7c9a53f27efc646a0cc8d1381da312c36760c,https://www.lab-doxa.org.br/wp-content/uploads/2022/10/PMN-DE2002.pdf,https://drive.google.com/file/d/1j70aMfirwBWBjK7Yxi09WUJHePYORid7/view?usp=sharing
PMN-DE2006.pdf,3821702,414552a0b0e3ac6201ab6d2d4388808bffeb62c73070d977ca5ae5e567f41596,https://www.lab-doxa.org.br/wp-content/uploads/2022/10/PMN-DE2006.pdf,https://drive.google.com/file/d/1ktr4hGRpwkRB0sRhiDcUuC9oeUi1WgJW/view?usp=sharing
PMN-DE2010.pdf,2720952,adb075a3dd1fc68f30d27cdb62ea8bebbbcaec3c6fb044acb58c68ecd1b9977a,https://www.lab-doxa.org.br/wp-content/uploads/2022/10/PMN-DE2010.pdf,https://drive.google.com/file/d/1d4VrYs8zd_Tk8QHeFEU-UQRZNSBGjBbj/view?usp=sharing
PMN-DE2014-1.pdf,2720965,7536d8435b2ecbe90d8270b30e116fbb9b7af5cb541e8f7d10aa13cf008e5004,https://www.lab-doxa.org.br/wp-content/uploads/2022/10/PMN-DE2014-1.pdf,https://drive.google.com/file/d/18mWgHsRb1NDq6roSmpbROV79pgAsaKI1/view?usp=sharing
PMN-DF2002.pdf,2647695,3a8ff642d01a2aee59b281c80be48e627445df583d57c4baaf13554251b5728d,https://www.lab-doxa.org.br/wp-content/uploads/2022/10/PMN-DF2002.pdf,https://drive.google.com/file/d/1Q8JD7oeQR1CE2THtJcwgMAUydVVw7f17/view?usp=sharing
PMN-DF2006.pdf,2736801,b12b2a275cb189141e0306e2962ff43df587a9ac9d8c1f17f36c06a394799135,https://www.lab-doxa.org.br/wp-content/uploads/2022/10/PMN-DF2006.pdf,https://drive.google.com/file/d/1mM1lIAGfSYBWDrESQ8zNgkIWFVDHavMg/view?usp=sharing
PMN-DF2010.pdf,2713033,4a938de59ce598c190b56faab6c9124743691ef0bf5624e6942898f18de30a20,https://www.lab-doxa.org.br/wp-content/uploads/2022/10/PMN-DF2010.pdf,https://drive.google.com/file/d/1jmmBO93-2j2GKROwOVjZth0nd8bqugp8/view?usp=sharing
PMN-DF2014.pdf,2712580,fa8e150f00a695ef211fd5b57fead756fbf139a387d61f96948ddaf63524b5d6,https://www.lab-doxa.org.br/wp-content/uploads/2022/10/PMN-DF2014.pdf,https://drive.google.com/file/d/1d3Ee0KUNZyScR3SciF49f8jgv5g6N7Xu/view?usp=sharing
PP-DE1998.pdf,2716667,c7338addd4ee8ced5a565efbb074a9c58b1b820688ff6ce3446eaee4f334ae16,https://www.lab-doxa.org.br/wp-content/uploads/2022/10/PP-DE1998.pdf,https://drive.google.com/file/d/1r-GxvvjiXOHV0Dj0inmPM8toGMkU4H90/view?usp=sharing
PP-DE2002.pdf,2608860,8e85ab9ad3861a8c7f197789beb12be8622df991358ca214fe7ad72b0f0b6dd6,https://www.lab-doxa.org.br/wp-content/uploads/2022/10/PP-DE2002.pdf,https://drive.google.com/file/d/1I8K1CP0NeAR88tw3S9QC1Q8lBeRAcBmw/view?usp=sharing
PP-DE2006.pdf,2733379,5b969095330680a16664b3e9e576d512473f8b82fa5c65886b4831f7e5754d2f,https://www.lab-doxa.org.br/wp-content/uploads/2022/10/PP-DE2006.pdf,https://drive.google.com/file/d/1z8sVeL-NZWjWy4QbAOI6ocdEmgCJw3Ft/view?usp=sharing
PP-DE2010.pdf,2736607,1dcf2af58c53586196de15558e83b667759cde6c62c23ef7f3aa4c13e7f28757,https://www.lab-doxa.org.br/wp-content/uploads/2022/10/PP-DE2010.pdf,https://drive.google.com/file/d/1bDS7mdwbTRKlWEpjLFG0jRZTO7TrcrPr/view?usp=sharing
PP-DE2014-1.pdf,2713790,5c95eaa9492eaea9cd737b781096de76752cfb51a61466bde18c7ee17b2636db,https://www.lab-doxa.org.br/wp-content/uploads/2022/10/PP-DE2014-1.pdf,https://drive.google.com/file/d/1yiu__fuQ2pQ2ringBGjuTt1bfVeUOB7O/view?usp=sharing
PP-DF2002.pdf,2650893,90e3c13b8e6cb41607af9df7035b8d77edfb3fe20ec4d01c8761c39ef597f22e,https://www.lab-doxa.org.br/wp-content/uploads/2022/10/PP-DF2002.pdf,https://drive.google.com/file/d/1D47WZfECDyaBrhMOLHZgmCSgi9h_6AFf/view?usp=sharing
PP-DF2006.pdf,2733916,0b9efe35642e18469e24780de49b182e9a496bf8af286f20899f9cb88c6f121b,https://www.lab-doxa.org.br/wp-content/uploads/2022/10/PP-DF2006.pdf,https://drive.google.com/file/d/1VLPuoNGTmynjw8JXzQkiidk118DjABQo/view?usp=sharing
PP-DF2010.pdf,2716734,46a12f7aa30b36e07a9b7b0e8afda9763276049a240037d1da581c546c936a29,https://www.lab-doxa.org.br/wp-content/uploads/2022/10/PP-DF2010.pdf,https://drive.google.com/file/d/1w-Ay9PZVEiUp8RzS_PVC99PE1AQihLXD/view?usp=sharing
PP-DF2014.pdf,3787591,2b8dc765f4ff8666be1c6bc81b549c4bb8543b708f5a5e823a792f58bdc1fcea,https://www.lab-doxa.org.br/wp-content/uploads/2022/10/PP-DF2014.pdf,https://drive.google.com/file/d/12u3uHAfl4hykJMmh2f-TZyb7df67trQz/view?usp=sharing
PPL-DE2014-1.pdf,2714664,e39a595b43305fc99ce6ec9a67d29902615b3e552fa94ca8031ae0e9eb0755d2,https://www.lab-doxa.org.br/wp-content/uploads/2022/10/PPL-DE2014-1.pdf,https://drive.google.com/file/d/1bYScfkOX5ywhTSFsNw76XMs-YFckghAz/view?usp=sharing
PPL-DF2014.pdf,2724376,af96bdbb9a657e9dcdf7406200d18dbb48a932f0bd7acbcc8f0488216055606c,https://www.lab-doxa.org.br/wp-content/uploads/2022/10/PPL-DF2014.pdf,https://drive.google.com/file/d/1yxK5-6d-q-m2Qh1Mw7pITM7m5bQcmgBu/view?usp=sharing
PPS-DE1998.pdf,2725579,82f3cdaa433fbe89ec95f2a9f583cd484b1e1ccba60734aef16e12e622c47ff7,https://www.lab-doxa.org.br/wp-content/uploads/2022/10/PPS-DE1998.pdf,https://drive.google.com/file/d/1i3ocBafUE0aNdXnUWrqX6oga6upKWoiP/view?usp=sharing
PPS-DE2002.pdf,2609811,7b7c8af9c18c60ae4561df85b3bab21a16157e65fb313c37d215ae6a5ad00cfc,https://www.lab-doxa.org.br/wp-content/uploads/2022/10/PPS-DE2002.pdf,https://drive.google.com/file/d/1CgZZBJNyDoAQBawG9r8rbwkc9fNa_TnE/view?usp=sharing
PPS-DE2006.pdf,3823357,122da35bcef5968e856cda9a35716899a6a383b32cfebc90ef5b860ee0ff3fd0,https://www.lab-doxa.org.br/wp-content/uploads/2022/10/PPS-DE2006.pdf,https://drive.google.com/file/d/17yhSJoCvgMHyVVQNX4fdVp9r8G9waMCL/view?usp=sharing
PPS-DE2010.pdf,2722895,2fff7f4c98c868e7b7cbf038cc3b22b7ca4dd3b0cabaad8a85d0ae8d4fdfe6aa,https://www.lab-doxa.org.br/wp-content/uploads/2022/10/PPS-DE2010.pdf,https://drive.google.com/file/d/1qs_qBY3Pe-hq9Fgwezq4ew2dCvJYsMk5/view?usp=sharing
PPS-DE2014-1.pdf,2725261,f14127aced350fb35d95483202804c538f7dcefc6fef8899bd12d16dae90e531,https://www.lab-doxa.org.br/wp-content/uploads/2022/10/PPS-DE2014-1.pdf,https://drive.google.com/file/d/1QfUaQ2nCNVBgAVKEEURgT-i7WbLyIhwH/view?usp=sharing
PPS-DF2002.pdf,2650357,1b8bb75439cd8f040bba7f45bb033a1a4b1fec0da1654853f0f7dde4bdd98d9b,https://www.lab-doxa.org.br/wp-content/uploads/2022/10/PPS-DF2002.pdf,https://drive.google.com/file/d/1Rb8dmhuK6YndLRW89k-SzQ8gvPtu7OsK/view?usp=sharing
PPS-DF2006.pdf,2737696,cb9a5b483046f9a8f53b724bc5cc2e4286792b122113eeb1765f12d9acd3eb65,https://www.lab-doxa.org.br/wp-content/uploads/2022/10/PPS-DF2006.pdf,https://drive.google.com/file/d/1eiS3AjXjNm4vP4rdrAsv3vt1gDZ4_ait/view?usp=sharing
PPS-DF2010.pdf,2717795,e83638bbceeaa89e07349df1f2d02c2c9c4c73ca9bf3f9f4f2513dca86cffca8,https://www.lab-doxa.org.br/wp-content/uploads/2022/10/PPS-DF2010.pdf,https://drive.google.com/file/d/1pd_Ptn1J6o_LxONLVLVc6xtsXY0FPXYB/view?usp=sharing
PPS-DF2014.pdf,2726127,b61713eb0fbf57e36ee973075e50ce9ce138c29c2477e6bef74c1adcfcce2f10,https://www.lab-doxa.org.br/wp-content/uploads/2022/10/PPS-DF2014.pdf,https://drive.google.com/file/d/1vlV7PQedbiniazScIiioRpgFczEXvBR5/view?usp=sharing
PR-DE1998.pdf,2725828,6fce62054e5f2d089f5d9c01c8dc057d47c35dde95be3b25f2f6752101d6c635,https://www.lab-doxa.org.br/wp-content/uploads/2022/10/PR-DE1998.pdf,https://drive.google.com/file/d/1smIYFKDYMXTlHM8kX6m193hXwX7flM1l/view?usp=sharing
PR-DE2002.pdf,2608054,2240c1a17490f593605beee5c6660d9b40f44786caee8dd83710394a5fe26a73,https://www.lab-doxa.org.br/wp-content/uploads/2022/10/PR-DE2002.pdf,https://drive.google.com/file/d/1AfaQF6BXxwIKNAdmlbBCLxrrO4YRadYb/view?usp=sharing
PR-DE2006.pdf,2735213,83723134e09cb1d5d0efe61518013771ae115650fa798c949623eae917dfbb53,https://www.lab-doxa.org.br/wp-content/uploads/2022/10/PR-DE2006.pdf,https://drive.google.com/file/d/1lFR6alJf24fytz-tj2yfdH0TImxAhwgQ/view?usp=sharing
PR-DE2010.pdf,2720595,83d6e403d1f2ff258200d53c25b413028366738a62ec47af7ccfa76ce20f18ce,https://www.lab-doxa.org.br/wp-content/uploads/2022/10/PR-DE2010.pdf,https://drive.google.com/file/d/130L7ECoLXjD1kYr9SA_ErWlOATxskbTM/view?usp=sharing
PR-DE2014-1.pdf,2733304,690e3cdd5c420713eee4c5473a2cbb7818d0ea506f46240449f471a3b3d55a7c,https://www.lab-doxa.org.br/wp-content/uploads/2022/10/PR-DE2014-1.pdf,https://drive.google.com/file/d/1bmD6rITrUK2TeK4xOVPC-emqwmpghFBD/view?usp=sharing
PR-DF2002.pdf,2650282,f26c7dcb9856093bfa01210273e29a25839b5703af4e19e8b393b783856de951,https://www.lab-doxa.org.br/wp-content/uploads/2022/10/PR-DF2002.pdf,https://drive.google.com/file/d/1r6PsovIR9tCaJ4F-P3NGzw6yd_0BoKK8/view?usp=sharing
PR-DF2006.pdf,2738227,103fd34b934f99810cd6fb3a8dd9804d455f601e69b1029e58f2649c936c5745,https://www.lab-doxa.org.br/wp-content/uploads/2022/10/PR-DF2006.pdf,https://drive.google.com/file/d/1KLwp4iREyjM_FG0IpgTyaco_kHyjpJ16/view?usp=sharing
PR-DF2010.pdf,2723365,7e3222197c77c52e86bb557321a4508d4bfc8b0c1b59bab5a6e07bc504ddffee,https://www.lab-doxa.org.br/wp-content/uploads/2022/10/PR-DF2010.pdf,https://drive.google.com/file/d/1E17eizyKaJckfrSQ-DLwpThcNb-5N3X7/view?usp=sharing
PR-DF2014.pdf,2730979,124e0c32dcc91115ed611995a62d42559a95d0156df50a7dbbc5c77183c0c970,https://www.lab-doxa.org.br/wp-content/uploads/2022/10/PR-DF2014.pdf,https://drive.google.com/file/d/1ryQ_oL00Fklp_utXNC3szWFwoxkzkiIb/view?usp=sharing
PRB-DE2006.pdf,2735556,d56a862dbe9041400e1b6dc686801649e21338a7fc24d6f9386424bb5bef3ea9,https://www.lab-doxa.org.br/wp-content/uploads/2022/10/PRB-DE2006.pdf,https://drive.google.com/file/d/1fzLQbjZpPbdZrz9Y8GP-tDF3Og-WOQ9u/view?usp=sharing
PRB-DE2014-1.pdf,2709581,cacac6b4ba568bc143d2e3dcb17386a19df0b1a28bf75bc4e5a7f24e3b9f7710,https://www.lab-doxa.org.br/wp-content/uploads/2022/10/PRB-DE2014-1.pdf,https://drive.google.com/file/d/1jf-T8wzz4FRdqlN9iHndVVhhpvshSsf4/view?usp=sharing
PRB-DF2006.pdf,2735490,e61319f012f5a7435da868b90f3a9ed0d83aafd8b0de7e1ca2762abdbdd272ce,https://www.lab-doxa.org.br/wp-content/uploads/2022/10/PRB-DF2006.pdf,https://drive.google.com/file/d/1ywZzlfwEWAPNA5kd9XxgBQ9dYA7W62q9/view?usp=sharing
PRB-DF2010.pdf,2721137,c9c96331bde962260dd3f4d9dba0d9947dd615b652c80b445a1286461c6056c0,https://www.lab-doxa.org.br/wp-content/uploads/2022/10/PRB-DF2010.pdf,https://drive.google.com/file/d/1PUvQpBQRCyE0Pgex5lOLA0Td23CtdMYa/view?usp=sharing
PRB-DF2014.pdf,2712870,3109ba691cfb59a5bfe2e9d75bdd08781d66020dac8c76f190e980b5e1ee17f1,https://www.lab-doxa.org.br/wp-content/uploads/2022/10/PRB-DF2014.pdf,https://drive.google.com/file/d/12fl2Tqrr5aeSqCNu6-HGVwRXbaCph_-Q/view?usp=sharing
PRONA-DE1998.pdf,2726698,4e9daa7cb23856618a8a7c26e1798faa7bcd34b6c065ee23c764048c13419e05,https://www.lab-doxa.org.br/wp-content/uploads/2022/10/PRONA-DE1998.pdf,https://drive.google.com/file/d/1Sbg-NWJy5YitTuAeRZf6ZhOIWhfIJrfZ/view?usp=sharing
PRONA-DE2002.pdf,2611345,94d5cd19d9ebd1c9536dea31d2a2b97e0fc7f49f9d259d63758e13186e5fdb8e,https://www.lab-doxa.org.br/wp-content/uploads/2022/10/PRONA-DE2002.pdf,https://drive.google.com/file/d/1qt50dOjk45INBHu8NNeFLHBARJk-G9sh/view?usp=sharing
PRONA-DE2006.pdf,2736536,07bccc8dd81a5829e23719269b8359964bb7b2be06ebbd3e009bfa6e1b3af0f4,https://www.lab-doxa.org.br/wp-content/uploads/2022/10/PRONA-DE2006.pdf,https://drive.google.com/file/d/1uIxtRJv-l297tp12Thk322-6-FEAowem/view?usp=sharing
PRONA-DF2002.pdf,2648604,3ec725f90be7184eda5e94015e0dad1f0f8c5e264b503c901714403f946d6123,https://www.lab-doxa.org.br/wp-content/uploads/2022/10/PRONA-DF2002.pdf,https://drive.google.com/file/d/1jE14cXfwe2Gy9VfuLBvB97grLVMphG8J/view?usp=sharing
PRONA-DF2006.pdf,2747814,62606fa2377f992a65f4e2a53bf5225a7a19bba3274be072f3dfbb8b15fa052a,https://www.lab-doxa.org.br/wp-content/uploads/2022/10/PRONA-DF2006.pdf,https://drive.google.com/file/d/1tV-YMenwUr48kaWnmoppFH02dhcLiHL_/view?usp=sharing
PROS-DE2014-1.pdf,2724944,a0604d2d40caf220f39d7bf344d52dfa4ff96a1daad7319ed7685eb43c3a22b4,https://www.lab-doxa.org.br/wp-content/uploads/2022/10/PROS-DE2014-1.pdf,https://drive.google.com/file/d/1ITl83jh9cmKvp5x7vf0wZJ7Y7kwJgEJQ/view?usp=sharing
PROS-DF2014.pdf,2723342,97a84f36b7a7434181b7d9314c1aa26e31f78fced9b29120b87ca1f18e4e760c,https://www.lab-doxa.org.br/wp-content/uploads/2022/10/PROS-DF2014.pdf,https://drive.google.com/file/d/17oaYUmTK6oiqw0m1RPA4LEoz0tEgL8X2/view?usp=sharing
PRP-DE1998.pdf,2722751,64408c32df2a9a2e7c5701012630f03657dfc64cc8e5898efd70b6635bd680dc,https://www.lab-doxa.org.br/wp-content/uploads/2022/10/PRP-DE1998.pdf,https://drive.google.com/file/d/18bQZ06Zo3kV6nxMUxROecPCQgl6ojZsa/view?usp=sharing
PRP-DE2002.pdf,2607829,c08019566868308dfe9ed164795149b974fac6e96720db2ed8800d8fd65aa9a7,https://www.lab-doxa.org.br/wp-content/uploads/2022/10/PRP-DE2002.pdf,https://drive.google.com/file/d/1L-TuCOmRT0l97CljWsQZ4dRpNpuu3jDv/view?usp=sharing
PRP-DE2006.pdf,2734285,259e8598271ef1aad023e363cccd313db408c0bfbe33f9031dd19446ac9c7bb2,https://www.lab-doxa.org.br/wp-content/uploads/2022/10/PRP-DE2006.pdf,https://drive.google.com/file/d/132Yvafbi3jNVIh_JNkrNvNIkpQWf60Rs/view?usp=sharing
PRP-DE2010.pdf,2724626,6909024d9b390f670f0836137e7cf213d0ccc4b2af6ba4b23dc883b9445d0599,https://www.lab-doxa.org.br/wp-content/uploads/2022/10/PRP-DE2010.pdf,https://drive.google.com/file/d/1CS5xVDtqR5wM4LVy4t5IvwF0Lyf0_8QT/view?usp=sharing
PRP-DE2014-1.pdf,2723495,9cf9b81ac0be1f3fb044f2994bc7972b173fdff6a4dc13142f01c45cefe2d9df,https://www.lab-doxa.org.br/wp-content/uploads/2022/10/PRP-DE2014-1.pdf,https://drive.google.com/file/d/1JdunLOq4WFo0cEedEumzXpGUGN9E6ysA/view?usp=sharing
PRP-DF2002.pdf,2650853,1abf3a112ce9a0deacb22e186899fc890d2492b210566b9d008596a69752c876,https://www.lab-doxa.org.br/wp-content/uploads/2022/10/PRP-DF2002.pdf,https://drive.google.com/file/d/11KRnmT4GnNy5-78bBy_zIHvO_rApda83/view?usp=sharing
PRP-DF2006.pdf,2731444,530522938a7eb6d50264c320b302f8d65ff29560d3da101631efedd0889b56d1,https://www.lab-doxa.org.br/wp-content/uploads/2022/10/PRP-DF2006.pdf,https://drive.google.com/file/d/1gHNfJPg08_Loj38lCFg5UvoXVLCVwQmL/view?usp=sharing
PRP-DF2010.pdf,2705853,c0b7df638d7519a7d48ed30c95534e2777e7d811b715324694a4de4ebb7a772f,https://www.lab-doxa.org.br/wp-content/uploads/2022/10/PRP-DF2010.pdf,https://drive.google.com/file/d/1mW0fQzfGeZxXkL5QgFHARBZbg1yhRhxV/view?usp=sharing
PRP-DF2014.pdf,2709172,41a5dedf1390afb8dbfe69fbf6d51d7ec873e38794902fc675a578ae693c8b90,https://www.lab-doxa.org.br/wp-content/uploads/2022/10/PRP-DF2014.pdf,https://drive.google.com/file/d/1myvwW9fLc1ML5Aw0vuyKLCt4WMTSJPJR/view?usp=sharing
PRTB-DE1998.pdf,2724566,6e78d4d7f7829bb677f47c816c313fde24e46f155532fedb243c4b6f145fb3ca,https://www.lab-doxa.org.br/wp-content/uploads/2022/10/PRTB-DE1998.pdf,https://drive.google.com/file/d/1HshI5UJZYzWY7Wmw5-jmTC_z26H1Yb2a/view?usp=sharing
PRTB-DE2002.pdf,2611299,c16cc1f3955d735c62647f1c7351bc7947a830f9e91aae5041ff27b913213b12,https://www.lab-doxa.org.br/wp-content/uploads/2022/10/PRTB-DE2002.pdf,https://drive.google.com/file/d/1Glp9MduF8ujz5RoKKx7E8qMeASBi-v67/view?usp=sharing
PRTB-DE2006.pdf,2736939,b749933ba98ff3d887682c8cd31d88cea9cc97d51ae570e083a51280449828c9,https://www.lab-doxa.org.br/wp-content/uploads/2022/10/PRTB-DE2006.pdf,https://drive.google.com/file/d/1VqFStQsE_g2R-U0gs1iAfyr5lqzqXW2e/view?usp=sharing
PRTB-DE2010.pdf,2723356,ce50101acc05deaf976ba7a6b23490b5f0b7912d4dc2be2549e107cea64c1a5b,https://www.lab-doxa.org.br/wp-content/uploads/2022/10/PRTB-DE2010.pdf,https://drive.google.com/file/d/17OtcoCSUQibdWPUjKp5hCC4fl4IVLhZj/view?usp=sharing
PRTB-DE2014-1.pdf,2727031,588740650ba473a2c421fcccb6938b509bc0526dade8d9892eb1b83d37facd34,https://www.lab-doxa.org.br/wp-content/uploads/2022/10/PRTB-DE2014-1.pdf,https://drive.google.com/file/d/1SrXojKoh8zGmcw-ElEucpVQZu7NpqnE1/view?usp=sharing
PRTB-DF2002.pdf,2654491,24ff1efacd9d5b3b9e838be9bff90eca43fc705d3d84d436cb448a9b17dadf79,https://www.lab-doxa.org.br/wp-content/uploads/2022/10/PRTB-DF2002.pdf,https://drive.google.com/file/d/1CIrL0TC4Y0jzC4wCIqUExnDVtNO_W4fC/view?usp=sharing
PRTB-DF2006.pdf,2734930,667cb69cadd251ed36db6fba0cbbd834c30f88fe56564055d6403adf82808d5a,https://www.lab-doxa.org.br/wp-content/uploads/2022/10/PRTB-DF2006.pdf,https://drive.google.com/file/d/1qseKaNRoKclrjHSqn35_qIlYzvH0iCWq/view?usp=sharing
PRTB-DF2010.pdf,2705188,c71ecfc55b50e0850787bdb9ab8fa3f4ab6b6a0800d395266ed1b6ce608f5c4a,https://www.lab-doxa.org.br/wp-content/uploads/2022/10/PRTB-DF2010.pdf,https://drive.google.com/file/d/1rmYuZ7QuKyv4evJJSEd8nXwDNy5y7pTe/view?usp=sharing
PRTB-DF2014.pdf,2725250,8075a9fc327053d0c55be79a715263b1003d5d156ef971d56fb3c624bf7a10fc,https://www.lab-doxa.org.br/wp-content/uploads/2022/10/PRTB-DF2014.pdf,https://drive.google.com/file/d/1J3XwBu9rvYQPSOtv7D5mhZyZTpiN7OEh/view?usp=sharing
PSB-DE1998.pdf,2728208,c0842e6baedfb66064ba3bd99a0d2e0616363890ff5d00ba5db44bd1ceb7ad47,https://www.lab-doxa.org.br/wp-content/uploads/2022/10/PSB-DE1998.pdf,https://drive.google.com/file/d/1-D7C7HKUaY6spdTJBx_PqcofrJFklYKF/view?usp=sharing
PSB-DE2002.pdf,3564362,f055905ea05a8772d5df03c0adbd13ab009f30dea59660e2f2859260b077b902,https://www.lab-doxa.org.br/wp-content/uploads/2022/10/PSB-DE2002.pdf,https://drive.google.com/file/d/1ikBqAz8kD1zDScPQMWI6uj47G8WXociI/view?usp=sharing
PSB-DE2006.pdf,2734204,660bd7d9f08d258749f8bede33e77a029a20ddac01131cab9eefe6fb74e00e62,https://www.lab-doxa.org.br/wp-content/uploads/2022/10/PSB-DE2006.pdf,https://drive.google.com/file/d/1RB7SJ5K56fzY9w5849QM3oVBvnC9Lw3V/view?usp=sharing
PSB-DE2010.pdf,2723333,a35481e5fec949ebc9732014b302df6ee6f98a8e960c8682830b315b93ee55f1,https://www.lab-doxa.org.br/wp-content/uploads/2022/10/PSB-DE2010.pdf,https://drive.google.com/file/d/10hUDsT4kea1Uuvc5hbRwzViVWf_GL-Cy/view?usp=sharing
PSB-DE2014.pdf,2723382,0de8388092c3d60229e4bc7dbe9277d3c275869b60ea09eb4eb0cb27a1f4d513,https://www.lab-doxa.org.br/wp-content/uploads/2022/10/PSB-DE2014.pdf,https://drive.google.com/file/d/1a9tH8tGdvFnHxoF7QXrOzYAkkLFD_Wuv/view?usp=sharing
PSB-DF2002.pdf,2651577,08fe1da645afe4ea6efb7167179147afa528f65528e2d7920b1e04d2e7e95641,https://www.lab-doxa.org.br/wp-content/uploads/2022/10/PSB-DF2002.pdf,https://drive.google.com/file/d/1hondKnyzrtMf5iyOVqKZRQKS3DW1BN0X/view?usp=sharing
PSB-DF2006.pdf,2735405,5d065587354244ced354298c93e30c17bae32d84063dcb305815d2a293cf3f37,https://www.lab-doxa.org.br/wp-content/uploads/2022/10/PSB-DF2006.pdf,https://drive.google.com/file/d/1Cn0yURugW_D0_Tuo0ONQj6FQqmLy6bPf/view?usp=sharing
PSB-DF2010.pdf,2718027,52cc19bdb4522a4cb8d753b65bbd490a2e4c850044f1a72ff9504dbe1656e12f,https://www.lab-doxa.org.br/wp-content/uploads/2022/10/PSB-DF2010.pdf,https://drive.google.com/file/d/1blGNNgsZj3ob6L58e7ZsbYQWAUTaCcO0/view?usp=sharing
PSB-DF2014.pdf,3795972,866bcbdda9180dfbcb9f1c40625bed2f61f208c68552172c11d2c855ef7e912a,https://www.lab-doxa.org.br/wp-content/uploads/2022/10/PSB-DF2014.pdf,https://drive.google.com/file/d/1idPmU73GuGO_wogmdjs2sAI1jgauHhWD/view?usp=sharing
PSC-DE1998.pdf,2729661,d530d7198bbda18715064db07aa50cef96e12b9974be4aaefb443ac6cf6bbcd1,https://www.lab-doxa.org.br/wp-content/uploads/2022/10/PSC-DE1998.pdf,https://drive.google.com/file/d/1v5hXbBpIfIBy8OzCQt_qHCB_vUDSvn9r/view?usp=sharing
PSC-DE2002.pdf,2605075,9d400b22a03667bdccc2795c6e4ede6838828049d8ca3d296588ac20f78d2d08,https://www.lab-doxa.org.br/wp-content/uploads/2022/10/PSC-DE2002.pdf,https://drive.google.com/file/d/1sS5hF8YeyX6AnLK7xL9ip2oqRU00Yk3a/view?usp=sharing
PSC-DE2006.pdf,2735424,c62b55c56252cfe0b0700839ac09c05b2a6f03119a600b97c62ea6866252ed2a,https://www.lab-doxa.org.br/wp-content/uploads/2022/10/PSC-DE2006.pdf,https://drive.google.com/file/d/1XxKYN3ubRoGTBkUEiGwHkuuhOiwI1LJD/view?usp=sharing
PSC-DE2010.pdf,2723217,450a54c756acfedf90558c559e236e7eaea648c44264a60d08aa04d78282f68a,https://www.lab-doxa.org.br/wp-content/uploads/2022/10/PSC-DE2010.pdf,https://drive.google.com/file/d/1bjjlb6Cou9oHqCp8AB8zak62cqCGjQgy/view?usp=sharing
PSC-DE2014.pdf,2711105,ffaab79259271506ed5f37b6303014f2c80997f2010d3483cdcd512779016161,https://www.lab-doxa.org.br/wp-content/uploads/2022/10/PSC-DE2014.pdf,https://drive.google.com/file/d/1xA8UiIoACEJMIrP9ZZCwGsEpPBHC8UBi/view?usp=sharing
PSC-DF2002.pdf,2648734,1f41a6e2411ae6debf1cac336b4d8b80ec2763090b0eb193d3ce44b6bd1899f9,https://www.lab-doxa.org.br/wp-content/uploads/2022/10/PSC-DF2002.pdf,https://drive.google.com/file/d/1DLGL6i0kSj-yuX0_qi_bETy5WlODIIEd/view?usp=sharing
PSC-DF2006.pdf,2736195,c02e4b58def8b3ed32b4c9cbaa6acfe31a5859636fbc913dd8bb2e4da075294e,https://www.lab-doxa.org.br/wp-content/uploads/2022/10/PSC-DF2006.pdf,https://drive.google.com/file/d/1Q6BTcwqYmVFnXAI-N7TeumjYdeYdqfr9/view?usp=sharing
PSC-DF2010.pdf,2718511,7aad3ef312a1f18c422370ed8d6094887e543f1ce46487850ce1436ae5d8a9a6,https://www.lab-doxa.org.br/wp-content/uploads/2022/10/PSC-DF2010.pdf,https://drive.google.com/file/d/1K7B9f9npbTxLVo88EDLIIrjVA-SZK0qd/view?usp=sharing
PSC-DF2014.pdf,2724163,059afcc08cb8b8e7c89608716d56220b796ba0a113741b6d30a8bae05bab3d80,https://www.lab-doxa.org.br/wp-content/uploads/2022/10/PSC-DF2014.pdf,https://drive.google.com/file/d/1tHF0on8D5u1wpBEFZj9y7xFOrxL_Cggn/view?usp=sharing
PSD-DE1998.pdf,2727083,3abe3e7e4c6aaccac9b1ab2bb1bb7ca384894a0645a0b3afc856bdbff9ab0751,https://www.lab-doxa.org.br/wp-content/uploads/2022/10/PSD-DE1998.pdf,https://drive.google.com/file/d/1J7Ax43Bn5jcGuDaDgPDMxgBWSqu1r5ef/view?usp=sharing
PSD-DE2002.pdf,2610045,409798b57d989a27c6baa076db9c527de787496b9501d6a8d2f6a04e50e3b384,https://www.lab-doxa.org.br/wp-content/uploads/2022/10/PSD-DE2002.pdf,https://drive.google.com/file/d/1vdOaI7-14Ue1d2x_u4seIinC5z1e0QVl/view?usp=sharing
PSD-DE2014.pdf,3789408,79f15fdae96678a2f75f2f82c47fd36a7954297ac71bf17e570a47cf3d1c6584,https://www.lab-doxa.org.br/wp-content/uploads/2022/10/PSD-DE2014.pdf,https://drive.google.com/file/d/1WecbPgUb-2MEJa8j8ITnmM82Jq-N77AC/view?usp=sharing
PSD-DF2002.pdf,2646865,1fcad43e474448a130a2f97fa05e6968550efeb05181f14072c040dd48a4fd02,https://www.lab-doxa.org.br/wp-content/uploads/2022/10/PSD-DF2002.pdf,https://drive.google.com/file/d/1HgULPvnFwEsCbw2w3pZFRgru0MXHFpI3/view?usp=sharing
PSD-DF2014.pdf,2730069,4df5bfa7e307f64b4f3c3d106470c578e57da726034f1131c990d84eca5b6e64,https://www.lab-doxa.org.br/wp-content/uploads/2022/10/PSD-DF2014.pdf,https://drive.google.com/file/d/1nR-D-2GLDJtSvREFxOlX8Ny1tokELfqm/view?usp=sharing
PSDB-DE1998.pdf,3795388,edc6de656585c2acba1ad2a22c34178d56f7432355ea448efda59293869daad1,https://www.lab-doxa.org.br/wp-content/uploads/2022/10/PSDB-DE1998.pdf,https://drive.google.com/file/d/1hAIYTEWtzJqFCgCWE4ktEbgk9eF9NBvY/view?usp=sharing
PSDB-DE2002.pdf,2606999,4aa69ee3b5c3057d6f48dbefa47c124aa7621b2ceeeb028f4ac5e5f760dbdeae,https://www.lab-doxa.org.br/wp-content/uploads/2022/10/PSDB-DE2002.pdf,https://drive.google.com/file/d/1cqPskCtux4MNwwUuhyw7xT-y1LPjAMFz/view?usp=sharing
PSDB-DE2006.pdf,2736847,6919e8b6a29e20d946acd0c324168652165fba1930e0f52a7c3fd394f72d5e54,https://www.lab-doxa.org.br/wp-content/uploads/2022/10/PSDB-DE2006.pdf,https://drive.google.com/file/d/18OjJ9G5IIMFLwyoD3FMdWzaFvSbAh6gN/view?usp=sharing
PSDB-DE2010.pdf,2717947,a7bd84333e39ce9cd77f71c3a5448597d89f3019d175d99af0a7e208f9782d2a,https://www.lab-doxa.org.br/wp-content/uploads/2022/10/PSDB-DE2010.pdf,https://drive.google.com/file/d/11QWGfUDU2IM_EEfpCad70kEH7NlXeY8C/view?usp=sharing
PSDB-DE2014.pdf,3802507,a01b898c72e393c1d39bb60370d001239887b530a51b9ae29ca2f5bdf6b2a29b,https://www.lab-doxa.org.br/wp-content/uploads/2022/10/PSDB-DE2014.pdf,https://drive.google.com/file/d/1PfT8VzeHgVsg7uUKmbUeNyboYurA-p6H/view?usp=sharing
PSDB-DF2002.pdf,2650974,8bcfec8a46571698e5b43c9c1dceb709963800f92a8f745e2cdab9573409df35,https://www.lab-doxa.org.br/wp-content/uploads/2022/10/PSDB-DF2002.pdf,https://drive.google.com/file/d/1dAgtN5_uDJAtiLHAEtwlg6gWT9ejuNl1/view?usp=sharing
PSDB-DF2006.pdf,2738788,a16456691e383b09fda7f5fffc0ddaa7176921270757f776c783dbda0482eddb,https://www.lab-doxa.org.br/wp-content/uploads/2022/10/PSDB-DF2006.pdf,https://drive.google.com/file/d/1qlbdW4vt0fGC7Cngkk9e0BnE68XCVBZT/view?usp=sharing
PSDB-DF2010.pdf,2718556,1e850eb0e23478c6eb8c85a9cf190f4aff1ddb71f5804bdc54ecc7b210b6e23a,https://www.lab-doxa.org.br/wp-content/uploads/2022/10/PSDB-DF2010.pdf,https://drive.google.com/file/d/1Y73DySAg4iEu7AH2K2V08XePXHDi_N0Q/view?usp=sharing
PSDB-DF2014.pdf,3800320,502f526c8995bee86618f36b777c76bbc459422bd90b47eb9abffdc42c8d0f03,https://www.lab-doxa.org.br/wp-content/uploads/2022/10/PSDB-DF2014.pdf,https://drive.google.com/file/d/1bxhGNre1vpE1npaAabn9xnXbMHUUST6J/view?usp=sharing
PSDC-DE1998.pdf,2716643,4900c858f88558692f3b820b85c49836df8334ab2ab27471d20be453e437b11d,https://www.lab-doxa.org.br/wp-content/uploads/2022/10/PSDC-DE1998.pdf,https://drive.google.com/file/d/1cfnJeZ2afnsnCuv0vOy_iBshb1-753rA/view?usp=sharing
PSDC-DE2002.pdf,2629576,136e22cf704e2181e758e649996cf19bc9ddec984e77bfcc8e4a8f53a111b815,https://www.lab-doxa.org.br/wp-content/uploads/2022/10/PSDC-DE2002.pdf,https://drive.google.com/file/d/1Jm6DDe5uFI7aQPgmjoUvTPBEYw2RykSz/view?usp=sharing
PSDC-DE2006.pdf,2736915,0ebdfcdfb8251ef5c2a2afe574696cf6e7a44ed99476c2b74a39417b12af7c41,https://www.lab-doxa.org.br/wp-content/uploads/2022/10/PSDC-DE2006.pdf,https://drive.google.com/file/d/19defQF_m62sxqSSbtAU6XEdMTtf9qMqp/view?usp=sharing
PSDC-DE2010.pdf,2715323,1d7bd878500fd70475d5521089a88ad9169cf6e43dbe9090a7cc8069af254fd8,https://www.lab-doxa.org.br/wp-content/uploads/2022/10/PSDC-DE2010.pdf,https://drive.google.com/file/d/1AkanXOQrbVymRX3lq73Ss5FdEZXeSEpf/view?usp=sharing
PSDC-DE2014.pdf,2725159,2922d9f82f11a176a1a1b5ad9faa0a5c05398c1c87009d399dcbc249a536c1b6,https://www.lab-doxa.org.br/wp-content/uploads/2022/10/PSDC-DE2014.pdf,https://drive.google.com/file/d/1WftfcaGNg6CaljRN0Tnif9W1kswaKsng/view?usp=sharing
PSDC-DF2002.pdf,2648663,2cfebeee5dc80b73299fb04f6edb703f15e09dee3d0cab2c4dd8a30787f97894,https://www.lab-doxa.org.br/wp-content/uploads/2022/10/PSDC-DF2002.pdf,https://drive.google.com/file/d/1nPhj6MYaFMv4xX4Wj-m6EF9pPKWS3Z5D/view?usp=sharing
PSDC-DF2006.pdf,3819564,6a0bb10f6499a805d19c755ff8d1c9bda39869951afbd37422e1ccbe0d31c837,https://www.lab-doxa.org.br/wp-content/uploads/2022/10/PSDC-DF2006.pdf,https://drive.google.com/file/d/14xX_OkGHBqETVm3JvHK9O2u2pxWNzZ0j/view?usp=sharing
PSDC-DF2010.pdf,2706971,49a4c57cae428d8fbf80811c46f324f54d5448cee8bed57e627e8e46b9f8027b,https://www.lab-doxa.org.br/wp-content/uploads/2022/10/PSDC-DF2010.pdf,https://drive.google.com/file/d/1VqZ_Pzs4Qz022-2gGM0Oa2fcLa32ggao/view?usp=sharing
PSDC-DF2014.pdf,2710945,5bff0940c44ed1103824ea145a7229f27cc452b11ef92eb00d4897fee4bff5d6,https://www.lab-doxa.org.br/wp-content/uploads/2022/10/PSDC-DF2014.pdf,https://drive.google.com/file/d/1Y3MGN266PsQXzNPH-6o8a1eJj4HWKBny/view?usp=sharing
PSL-DE1998.pdf,2728739,ac4593f2e481509d1d028b7c7db7d6f36ea040173ee7052c9557d3704f6d63b1,https://www.lab-doxa.org.br/wp-content/uploads/2022/10/PSL-DE1998.pdf,https://drive.google.com/file/d/1F6dGI1HPuxIRbuJLe81ECaDorZ2ccjJO/view?usp=sharing
PSL-DE2002.pdf,2607528,f1ed52ac5f9fbb67c6106a5cfc27a18df27abc77acb8a7e3289c418e186136b7,https://www.lab-doxa.org.br/wp-content/uploads/2022/10/PSL-DE2002.pdf,https://drive.google.com/file/d/1qtFSC6FMN5Qlgkdh8o6s2X1lsfbvAsFR/view?usp=sharing
PSL-DE2006.pdf,4905465,1040948829d944bdd77327bec15837625e2f566943eee45510a8e3afb117bff2,https://www.lab-doxa.org.br/wp-content/uploads/2022/10/PSL-DE2006.pdf,https://drive.google.com/file/d/1JxGAton3P54Vo6Djk254PsI0LYfIJhZy/view?usp=sharing
PSL-DE2010.pdf,2721757,1e2eb80498880f9dd4360f5e1c0af41bf63f3e44ca013bfedca82dfaea1b51ab,https://www.lab-doxa.org.br/wp-content/uploads/2022/10/PSL-DE2010.pdf,https://drive.google.com/file/d/1zXI-4hiHWYJZIyHABkd6J59JbfYBQ9tV/view?usp=sharing
PSL-DE2014.pdf,2725283,1b4275032df1e4f310218366a5128792f6e04ef28f577f67c8bde27fd472c4c9,https://www.lab-doxa.org.br/wp-content/uploads/2022/10/PSL-DE2014.pdf,https://drive.google.com/file/d/1EGpGnKplAw6twImc-5445n9t-1bwRTPl/view?usp=sharing
PSL-DF2002.pdf,2645441,6cd95ad83440823fd85273fcca3c3b6cd1adf687753309f87310c401df334770,https://www.lab-doxa.org.br/wp-content/uploads/2022/10/PSL-DF2002.pdf,https://drive.google.com/file/d/1nRxbzutSXgFQjatqGZ1qlwqe59hRqKVK/view?usp=sharing
PSL-DF2006.pdf,2740391,10b6a2e3cd826336096aded4529272f10ff3a445990e563c8fbdc407a055e385,https://www.lab-doxa.org.br/wp-content/uploads/2022/10/PSL-DF2006.pdf,https://drive.google.com/file/d/1p0K8FZgwWiMW0uK1P6RXiebnjV7_3Dxx/view?usp=sharing
PSL-DF2010.pdf,2715895,a00b43d3bfb788d3231453290270f56ebe6179861f3f72ccc7b46524aae05135,https://www.lab-doxa.org.br/wp-content/uploads/2022/10/PSL-DF2010.pdf,https://drive.google.com/file/d/1jIzceAB2TeFdDo3X91psFF1ZECigWeO-/view?usp=sharing
PSL-DF2014.pdf,2726414,449b42e5358bf40852b75c4603ae0da0cf6419cd3dec23d6c67ab7879b880120,https://www.lab-doxa.org.br/wp-content/uploads/2022/10/PSL-DF2014.pdf,https://drive.google.com/file/d/1zeoColClc19zm8IzLi_qIiNBFgTsxUkt/view?usp=sharing
PSOL-DE2006.pdf,3822876,6d7887ec23554ee075f31eab19e80d3af2fcacbbb6dd7c2bf5ab2f419423ce9b,https://www.lab-doxa.org.br/wp-content/uploads/2022/10/PSOL-DE2006.pdf,https://drive.google.com/file/d/1EYHgxA4EjRyEbW9j8ZF2XwaKWezeTRkz/view?usp=sharing
PSOL-DE2010.pdf,2723241,58f146bfb394c7e180ebf0645919e8cfe5682776317898b2d90f6a565701a365,https://www.lab-doxa.org.br/wp-content/uploads/2022/10/PSOL-DE2010.pdf,https://drive.google.com/file/d/1Npm8i1MpqXi5OODGXOKwHQFwoUA0Xa5W/view?usp=sharing
PSOL-DE2014.pdf,2726994,39091f7b6865a58fb6a7187a664fc83cb94c5374c8afbf72c661fa943c1f5f5c,https://www.lab-doxa.org.br/wp-content/uploads/2022/10/PSOL-DE2014.pdf,https://drive.google.com/file/d/1Zu_3oYJ41vLuKXbg859rXQznfWkz-sDy/view?usp=sharing
PSOL-DF2006.pdf,2736915,90281c09bded3918b07e13c1a58650894145cd15715437b5b4908694537a979e,https://www.lab-doxa.org.br/wp-content/uploads/2022/10/PSOL-DF2006.pdf,https://drive.google.com/file/d/1i-vxV7VbJnoPLk3kKXfE-D1TMJ_yzaL-/view?usp=sharing
PSOL-DF2010.pdf,2717107,50c48aba2cf6361dcf833cca4f9935a5d1e0121d6b34fece8d79d1d7a5fb6eec,https://www.lab-doxa.org.br/wp-content/uploads/2022/10/PSOL-DF2010.pdf,https://drive.google.com/file/d/1CB_0WFWi-XgJizVrWtIvdSxVGiNrMvFi/view?usp=sharing
PSOL-DF2014.pdf,2724832,5ee785849dbcd904f5dda36503e89c7972c6813e6593864b0fed8521afd7c455,https://www.lab-doxa.org.br/wp-content/uploads/2022/10/PSOL-DF2014.pdf,https://drive.google.com/file/d/1l09-IYZiaLoQvIadzJu-v24kFvoL_0NE/view?usp=sharing
PST-DE1998.pdf,2726037,760eb0e784ab4150870d4c6983c1e16930d940ab243ef0e8a6f6a5b2becdb3d5,https://www.lab-doxa.org.br/wp-content/uploads/2022/10/PST-DE1998.pdf,https://drive.google.com/file/d/1IqrQlP6WOxUWgfYLDX-t4uQQKZcuBjVE/view?usp=sharing
PST-DE2002.pdf,2627839,f45ba0a942abbc810e040c069ddebb9fc8018c3073c2e17ac5cb8bba2cceba7a,https://www.lab-doxa.org.br/wp-content/uploads/2022/10/PST-DE2002.pdf,https://drive.google.com/file/d/1JqKzfwY8jPKCWpg1_EfqIGvHLJGJXoEL/view?usp=sharing
PST-DF2002.pdf,2650308,7ecb0d6f580c16655c9f7d166df940f51f910029ee802c28f692c4206de2dd07,https://www.lab-doxa.org.br/wp-content/uploads/2022/10/PST-DF2002.pdf,https://drive.google.com/file/d/1wC0M6dD4Y_yuNOxVU-AB9D5fdF6hIvwC/view?usp=sharing
PSTU-DE1998.pdf,2725487,8a55dd872892e5cf105005ea2fa14c6954c6ff161a88d4b6aad11809b11e2dfd,https://www.lab-doxa.org.br/wp-content/uploads/2022/10/PSTU-DE1998.pdf,https://drive.google.com/file/d/1S2-kMTXfXoAQ9DYCAsRvCAOAnkyxJupC/view?usp=sharing
PSTU-DE2002.pdf,2610068,53a7512c4e72916ee60d37f6d84ef5c28a29cb49f74658813e8c6d26d309c554,https://www.lab-doxa.org.br/wp-content/uploads/2022/10/PSTU-DE2002.pdf,https://drive.google.com/file/d/1UkZmjrzjz-_i9zDoDqTGW7CVPUcQmV4G/view?usp=sharing
PSTU-DE2006.pdf,3820495,4fb7e2885b3a992914d8ede4c3e94f6d3d0bb57e261c94da57aee9e948067616,https://www.lab-doxa.org.br/wp-content/uploads/2022/10/PSTU-DE2006.pdf,https://drive.google.com/file/d/1RLoAdbblkCO64knZuydm5xjN66MHYhOA/view?usp=sharing
PSTU-DE2010.pdf,2724114,6129bdd03b2d440039697ef70ac1fa23582d2d3aa4f466fda2489dda322c3056,https://www.lab-doxa.org.br/wp-content/uploads/2022/10/PSTU-DE2010.pdf,https://drive.google.com/file/d/1YwOYVp8Br-DY1AyyxtiJJ03CIlHpZBr6/view?usp=sharing
PSTU-DE2014.pdf,3901240,149c912321d5b4d5bb5ca2b733a709aafee9a6b80dff71b3cc6f864cf7ffd489,https://www.lab-doxa.org.br/wp-content/uploads/2022/10/PSTU-DE2014.pdf,https://drive.google.com/file/d/1Vi3RnAaBfMML8K6bjC6ZJkU185RULEg-/view?usp=sharing
PSTU-DF2002.pdf,2661177,3bf72d1c3c5183e96245e7b1290b6553aa5fcae31af0e1f614e047bc21199949,https://www.lab-doxa.org.br/wp-content/uploads/2022/10/PSTU-DF2002.pdf,https://drive.google.com/file/d/1k3mEIIJyxAoBeawtK5wrjBS2a-mY1ZAB/view?usp=sharing
PSTU-DF2006.pdf,2734528,3ce3f7056fceb6dd51354a85f00814c0cad9f6610689f76dfe3b2f7228856148,https://www.lab-doxa.org.br/wp-content/uploads/2022/10/PSTU-DF2006.pdf,https://drive.google.com/file/d/1Z9kM2T0IJ9tIAo2LXDZibLDHuSGdtkID/view?usp=sharing
PSTU-DF2010.pdf,2716674,4da1d3c2e6595b8c7e1e9eead45ddebae8db4b7e07976a51040efa83564574d2,https://www.lab-doxa.org.br/wp-content/uploads/2022/10/PSTU-DF2010.pdf,https://drive.google.com/file/d/1j9odmPDEzVLKVXi5NAQtGN53dtuuSKS5/view?usp=sharing
PSTU-DF2014.pdf,2726343,0f63a4ff458e0bf6bb0d2db14205d3763c6322ec3e5baf122b7f2f7b1d6489ad,https://www.lab-doxa.org.br/wp-content/uploads/2022/10/PSTU-DF2014.pdf,https://drive.google.com/file/d/1MxhmAdTJ4f0cwm3HEPXMqOkicaBRNvKv/view?usp=sharing
PT-DE1998.pdf,2728069,9bb62331c0ef305a4fff3c5172bf0248a4123221b00e88dd3bb78c0d7bad93e2,https://www.lab-doxa.org.br/wp-content/uploads/2022/10/PT-DE1998.pdf,https://drive.google.com/file/d/147aX6VRA8P4eEdA_7YcP6kxz6Kqqv4sr/view?usp=sharing
PT-DE2002.pdf,2611079,38dd99ab11832129f406bc6315448f11eb1906d299c2492bb3ae755d43f2cf6d,https://www.lab-doxa.org.br/wp-content/uploads/2022/10/PT-DE2002.pdf,https://drive.google.com/file/d/1l9rTV_F7YtsfbgSATVXMK1xVTBQft9ja/view?usp=sharing
PT-DE2006.pdf,2738068,bcbff1042a9ae8d49753dfe65f284fe9fc5fe408902311b9fd82b578b5bf62e3,https://www.lab-doxa.org.br/wp-content/uploads/2022/10/PT-DE2006.pdf,https://drive.google.com/file/d/1h3U95h7dSbRw2GZq905KhN8lAYvc3ix0/view?usp=sharing
PT-DE2010.pdf,2724506,2496b1ca9b8689c3d791b273ffb9a16f750d3b1e8228c508898d674381aea0d0,https://www.lab-doxa.org.br/wp-content/uploads/2022/10/PT-DE2010.pdf,https://drive.google.com/file/d/1x_7HvMtDeJsB0Zzu6o_M7B7KrFxFbBWH/view?usp=sharing
PT-DE2014.pdf,2714110,e63f0a49ccdcfec6b324536b2dad7368d02836641493661c5f50cd2e2cce5396,https://www.lab-doxa.org.br/wp-content/uploads/2022/10/PT-DE2014.pdf,https://drive.google.com/file/d/1Vhx9gc-TfmBRwrPcHgYLTw4WC-pKsFQZ/view?usp=sharing
PT-DF2002.pdf,2647126,b39b4fd147a223dc56ec9370476d1114727a02d902868cd6a18a5f64321bf2f5,https://www.lab-doxa.org.br/wp-content/uploads/2022/10/PT-DF2002.pdf,https://drive.google.com/file/d/1arBCUW9IxI_fjv9XRinUleu4smH2MMiN/view?usp=sharing
PT-DF2006.pdf,2736610,9c732d1938326188413c638845ed6b4283af8322b35c6b1287cb6710ce23a206,https://www.lab-doxa.org.br/wp-content/uploads/2022/10/PT-DF2006.pdf,https://drive.google.com/file/d/1ryHN0EAldN_Ge3K-G20DfNthqDNSLPOo/view?usp=sharing
PT-DF2010.pdf,2719228,1dbba7ce0170b71d3c5c05cbfe986892e383d9b8b8f7dfcdaaa3734971a34bcb,https://www.lab-doxa.org.br/wp-content/uploads/2022/10/PT-DF2010.pdf,https://drive.google.com/file/d/1fi5XBysqIihujab-I05fv9bzikk7VV9T/view?usp=sharing
PT-DF2014.pdf,2719209,8472e393356e0e3e8bb1dfee7a51163c65b5f413e008025f99aaff094c7912d5,https://www.lab-doxa.org.br/wp-content/uploads/2022/10/PT-DF2014.pdf,https://drive.google.com/file/d/1l2JpjaD3WaIiQZVU9AIH7GJ4bfRy1q__/view?usp=sharing
PT-do-B-DE1998.pdf,2729010,d69a9bc84c5b9091bf4d6c83367442e2177928fb201e33baeaa09b89c0929bf6,https://www.lab-doxa.org.br/wp-content/uploads/2022/10/PT-do-B-DE1998.pdf,https://drive.google.com/file/d/1pRZXoLY_eNr8CWF7Zhb9wSWTI7NFSEAo/view?usp=sharing
PT-do-B-DE2002.pdf,2613439,28519792674ef179c43be006ec92b741fdc789e7aa80e45d5e9b1b7b90bc8800,https://www.lab-doxa.org.br/wp-content/uploads/2022/10/PT-do-B-DE2002.pdf,https://drive.google.com/file/d/1331MrIVjtsioP0CDZxo4553IEfSReQFH/view?usp=sharing
PT-do-B-DE2010.pdf,2723371,61ccdc932fe5ae87f26b2f88bfbb8d61ecac3cd81312cb683af137e9b7ba5209,https://www.lab-doxa.org.br/wp-content/uploads/2022/10/PT-do-B-DE2010.pdf,https://drive.google.com/file/d/1lLa_ND_kHqgM3IYEPIU5qr4Uyj0fNUcs/view?usp=sharing
PT-do-B-DE2014.pdf,2730147,0519aa9d99d83f3cc081df1e9090de72bdae86245239090b4fe3853e85d4eff4,https://www.lab-doxa.org.br/wp-content/uploads/2022/10/PT-do-B-DE2014.pdf,https://drive.google.com/file/d/183nKbJJJUQhEDSKmmIgCZH4xG3-WXR-B/view?usp=sharing
PT-do-B-DF2002.pdf,2651036,c5220dd9dbf2ba2d9c869cee0de3b3887871413fb4865476963d4cb70ed145e0,https://www.lab-doxa.org.br/wp-content/uploads/2022/10/PT-do-B-DF2002.pdf,https://drive.google.com/file/d/13U6Z4SIpNdgSU-WnaH6UcfjNDBUACAJz/view?usp=sharing
PT-do-B-DF2006.pdf,2738239,6ac4e49b3fb4af6572a1d9ae156b4b3cd6ea72392f73f84d6418b6c9b6a846be,https://www.lab-doxa.org.br/wp-content/uploads/2022/10/PT-do-B-DF2006.pdf,https://drive.google.com/file/d/1zhv74n8ZFvligHqWjiqTyPVQ0sfwLMiF/view?usp=sharing
PT-do-B-DF2010.pdf,2718533,1c119de1ad7947a3890b10e67ecf9c2a92c4f40fcd65f8ddd02708f11c01ceb7,https://www.lab-doxa.org.br/wp-content/uploads/2022/10/PT-do-B-DF2010.pdf,https://drive.google.com/file/d/191r1FuaECTi8VQa8MPRyOl9LGxJIBJeK/view?usp=sharing
PT-do-B-DF2014.pdf,3808521,847e40dde9b2c1052296753b7cc6e420c06551d8e354b557628fe77891b34afc,https://www.lab-doxa.org.br/wp-content/uploads/2022/10/PT-do-B-DF2014.pdf,https://drive.google.com/file/d/1-iSPbbzpd2TOyRyzZeLolkeLe1_AW15U/view?usp=sharing
PTB-DE1998.pdf,2728921,78c833fc81581a7d4d154da58e03b130637b18573d4c945b88dac058814dae0b,https://www.lab-doxa.org.br/wp-content/uploads/2022/10/PTB-DE1998.pdf,https://drive.google.com/file/d/1SNlvvOpcSsIXJG-JPQQUQC2cUle8IwBC/view?usp=sharing
PTB-DE2002.pdf,2612168,cb550ad0d6fb317d8a7170b89cb4b47b7887f572d96b3377d9570db4d280324f,https://www.lab-doxa.org.br/wp-content/uploads/2022/10/PTB-DE2002.pdf,https://drive.google.com/file/d/12YJLUMm1V0PvgALdZYwEPWi6DybRyQTi/view?usp=sharing
PTB-DE2006.pdf,2732212,dc6749315416380e6f68a08eac69120cdd11c25ae59dc20fb6e1af4518d8bd26,https://www.lab-doxa.org.br/wp-content/uploads/2022/10/PTB-DE2006.pdf,https://drive.google.com/file/d/1E47XnVFInarKrObArvZusL9Nzq4eDI1E/view?usp=sharing
PTB-DE2010.pdf,2728354,f6d57250ce6ce71b47a537a0da6423742d46c141184e76d936c01aba6476139a,https://www.lab-doxa.org.br/wp-content/uploads/2022/10/PTB-DE2010.pdf,https://drive.google.com/file/d/1raQUazOHY16UrXZZZJjMsC6ztQ9if2Si/view?usp=sharing
PTB-DE2014.pdf,2725616,d2f0c9c1b5553c57e9b2d438b9024ee5c44ac43745d11a4962c032ab418dbc25,https://www.lab-doxa.org.br/wp-content/uploads/2022/10/PTB-DE2014.pdf,https://drive.google.com/file/d/1z5Q6--RpOztLem9iaJBlfEnnbBWguoRZ/view?usp=sharing
PTB-DF2002.pdf,2649894,19514b3e6bd612d31a0b5ac4261b42c26ba1988b1979cfaa1483ea9a3dbf2107,https://www.lab-doxa.org.br/wp-content/uploads/2022/10/PTB-DF2002.pdf,https://drive.google.com/file/d/1brZrjYmWgMfoLfDC6qk3NfgxPsgWgMgZ/view?usp=sharing
PTB-DF2006.pdf,2738299,ffdc9d4c021c621dbc29933c294527228b3c4d704ff15a1a307b58585ffad423,https://www.lab-doxa.org.br/wp-content/uploads/2022/10/PTB-DF2006.pdf,https://drive.google.com/file/d/19Hmh-1G7kYmaH6YVM3nE_co7HfIzeDBx/view?usp=sharing
PTB-DF2010.pdf,2718073,86ab3c8be46a4983045444f3efd9fe2ceb40360d59ee2cea7d5e39c5d3720115,https://www.lab-doxa.org.br/wp-content/uploads/2022/10/PTB-DF2010.pdf,https://drive.google.com/file/d/15H4dPj3pBXp98uuWWHgRjfnrm4kNnqPP/view?usp=sharing
PTB-DF2014.pdf,2726600,34e5b19cdb30aa7db5bbecd608306c2e8f36c1936202c249ade7054fbf1fbfcf,https://www.lab-doxa.org.br/wp-content/uploads/2022/10/PTB-DF2014.pdf,https://drive.google.com/file/d/1InG47Ypyp1jL2I5gYriJtiiLGSS7XIGy/view?usp=sharing
PTC-DE1998.pdf,2728088,a3d8bf8afb2347848b864b2fd29342fae468d0768fce2707d6935d19e19a3873,https://www.lab-doxa.org.br/wp-content/uploads/2022/10/PTC-DE1998.pdf,https://drive.google.com/file/d/1c0LfUlJxY-OGncw5oUgjAS3EADEQ_fQc/view?usp=sharing
PTC-DE2002.pdf,2608523,b6cfb54fdf28e18bef672aa9b44acd385e49e9f0a417bde7fbcd5e9ded9e35b7,https://www.lab-doxa.org.br/wp-content/uploads/2022/10/PTC-DE2002.pdf,https://drive.google.com/file/d/1mENY-vZ8P1Xu1l8TcvtDyS4Q1W7MHkD8/view?usp=sharing
PTC-DE2006.pdf,2734275,c5194d517ee3372c19a1da1145af1a38b1751ccfaa64815fe1c9f5c367714c81,https://www.lab-doxa.org.br/wp-content/uploads/2022/10/PTC-DE2006.pdf,https://drive.google.com/file/d/1uZtO3dRK52HWkIyJEpE7lUa0kVjmh8x9/view?usp=sharing
PTC-DE2010.pdf,2725535,b1ac17f0b8f7f3b613fc1dbae5ec555cf19271e195c5eab6461cef982ae9b2c1,https://www.lab-doxa.org.br/wp-content/uploads/2022/10/PTC-DE2010.pdf,https://drive.google.com/file/d/1cyyxeAcBTV4WGihHcLVNasIwuKKKQcNh/view?usp=sharing
PTC-DE2014.pdf,2724524,58d73b163cc6ed0a47f20ae5a24f75b02fddd8f2b06563719848b0fb73991e18,https://www.lab-doxa.org.br/wp-content/uploads/2022/10/PTC-DE2014.pdf,https://drive.google.com/file/d/1p60lMRe7MzO3JwGzAkqBNxlQ6an6Coto/view?usp=sharing
PTC-DF2002.pdf,2648232,d0bedb44557a4781f56723fff45b3b45abf2822acd010175d8615b6b6ee038d3,https://www.lab-doxa.org.br/wp-content/uploads/2022/10/PTC-DF2002.pdf,https://drive.google.com/file/d/1BJH6ABwuo9w5H_dRjOWSMHbgUHxCp282/view?usp=sharing
PTC-DF2006.pdf,2736135,e09b9d6b3de8a21006a7295a18f70f9de28f4b85922ee29a71c385870e70d994,https://www.lab-doxa.org.br/wp-content/uploads/2022/10/PTC-DF2006.pdf,https://drive.google.com/file/d/1Xswf4XTqoqCTjQLh7N__JYqcg1jXNAMW/view?usp=sharing
PTC-DF2010.pdf,2710109,078daf955b553149c251a5949bc7c476f8e52caf5b4f8685726bd53105251c0e,https://www.lab-doxa.org.br/wp-content/uploads/2022/10/PTC-DF2010.pdf,https://drive.google.com/file/d/1MVEtZCjF0gI8o_ontJ3doPt25GCGzPxz/view?usp=sharing
PTC-DF2014.pdf,2716929,4949ba10de7d9b3e263296ccd74de0493beff5b94f39e51806b7e12718cef8b2,https://www.lab-doxa.org.br/wp-content/uploads/2022/10/PTC-DF2014.pdf,https://drive.google.com/file/d/1ak5qi4dvysaWwZr5TcMPkZBkmjRrhON2/view?usp=sharing
PTN-DE1998.pdf,2725300,319cfc5d0d42eff12d943bed92e45b02dc95e753cb7d4e8451c350c771ae4b00,https://www.lab-doxa.org.br/wp-content/uploads/2022/10/PTN-DE1998.pdf,https://drive.google.com/file/d/1Ys0jTu7S6l6s1PiTKNl1TaCIXI4u229c/view?usp=sharing
PTN-DE2002.pdf,2609712,9d770989d97774479ed884b2e257940bec2fc1eaab1163d2f40b68269c80b44e,https://www.lab-doxa.org.br/wp-content/uploads/2022/10/PTN-DE2002.pdf,https://drive.google.com/file/d/17u3MQNhPtjM7PwpfOQhiXJgi6Vu17bCn/view?usp=sharing
PTN-DE2010.pdf,2724792,381af19ab42a2941849ce8b98841372d7e50441bbbedb66d6cc1e076c9115317,https://www.lab-doxa.org.br/wp-content/uploads/2022/10/PTN-DE2010.pdf,https://drive.google.com/file/d/1lA7cAItQusLxa2Hb7vroq71RFpr8_VrO/view?usp=sharing
PTN-DE2014.pdf,2718977,fbcc2f4fa0e33c6b8233aeb739254cb4d91cfce9491a4e9457421b7f17ffc5d6,https://www.lab-doxa.org.br/wp-content/uploads/2022/10/PTN-DE2014.pdf,https://drive.google.com/file/d/1N10pXZAWk1u-9ijEi_9UPAC0DSW1QarT/view?usp=sharing
PTN-DF2002.pdf,2649955,afc40197493be1539f6ce4baead3fa66bcd64c3345629a48656408ee19877908,https://www.lab-doxa.org.br/wp-content/uploads/2022/10/PTN-DF2002.pdf,https://drive.google.com/file/d/1FB7WekTmdz87ndnh2tQ0CrYAJBMI4Fx1/view?usp=sharing
PTN-DF2006.pdf,2736695,475179837d5e037c811972954be1f223b7a910bdd6d5f17df016c846f335e965,https://www.lab-doxa.org.br/wp-content/uploads/2022/10/PTN-DF2006.pdf,https://drive.google.com/file/d/1K3TzhhK8S7gnCKHXIwSobq3Tlc2kLRNP/view?usp=sharing
PTN-DF2010.pdf,2714980,31d533b695ed0a455c9e2f878293d9c64de8e18aff87f9a2100b9d62667231f6,https://www.lab-doxa.org.br/wp-content/uploads/2022/10/PTN-DF2010.pdf,https://drive.google.com/file/d/17XQyVuD4TvyNw3sujqTlQ4HUo54ljxT2/view?usp=sharing
PTN-DF2014.pdf,2727598,3d3867830f19b9361d8a496130aed0cdf5f1debfb62dc0d5f5d96b1a29e2847a,https://www.lab-doxa.org.br/wp-content/uploads/2022/10/PTN-DF2014.pdf,https://drive.google.com/file/d/1RruakQNNM8DttdcLiXM9ra5phyAfeHBy/view?usp=sharing
PTdoB-DE2006.pdf,4087750,9ea28083010b7a940332babfd3092b52631a423bb00a4c681cfc510fb2a3a50b,https://www.lab-doxa.org.br/wp-content/uploads/2022/10/PTdoB-DE2006.pdf,https://drive.google.com/file/d/1wEObIQ9_1SuMsC35NORneDJ1OJ18GMAd/view?usp=sharing
PV-DE1998.pdf,2725068,9e051e7d35ef0bf3de1daacd9200ec7c6e6f2c8bdc4651cdfc1531ead466ec5c,https://www.lab-doxa.org.br/wp-content/uploads/2022/10/PV-DE1998.pdf,https://drive.google.com/file/d/1RfbUvWgZagGyvClhIgZyuKBIy8nWAKYP/view?usp=sharing
PV-DE2006.pdf,2733643,8d1c5934708f92a2d5f1c1efb6261841d7443cae77820655ba260d464fab0ce0,https://www.lab-doxa.org.br/wp-content/uploads/2022/10/PV-DE2006.pdf,https://drive.google.com/file/d/1hLEElPswiVd1nExebp-wOWRWIfNLAFNV/view?usp=sharing
PV-DE2010.pdf,2722691,3b021f8017b04f173578ee222f6801e6847e5e88453366492dd0eac86b9f7684,https://www.lab-doxa.org.br/wp-content/uploads/2022/10/PV-DE2010.pdf,https://drive.google.com/file/d/1Z-SujqVgGwA2VLPTZvvDvCjf-41_LrGX/view?usp=sharing
PV-DE2014.pdf,2716804,69a03dfcbb6cae953724fcfa5af91997f5b6cbdc99ad2133701bf45929e0bf40,https://www.lab-doxa.org.br/wp-content/uploads/2022/10/PV-DE2014.pdf,https://drive.google.com/file/d/1SsgQNH5R57-zb-bEDuEZ6oRvzUOsIikT/view?usp=sharing
PV-DF2002-1.pdf,2648767,0311cf7f245eea4b50060fe4cd7c832dc75246bd420f853ba31450e038273ed9,https://www.lab-doxa.org.br/wp-content/uploads/2022/10/PV-DF2002-1.pdf,https://drive.google.com/file/d/1CypF7m51GrIt0aA5zyiG7xllZZnC9BSU/view?usp=sharing
PV-DF2002.pdf,2648767,0311cf7f245eea4b50060fe4cd7c832dc75246bd420f853ba31450e038273ed9,https://www.lab-doxa.org.br/wp-content/uploads/2022/10/PV-DF2002.pdf,https://drive.google.com/file/d/15fv2lcRJoAd7GbSERLrQiwr8iia-uQzA/view?usp=sharing
PV-DF2006.pdf,2735353,86480cdf25443a078e717a7a14633f7913d688fa3d447d015e8b6f6b2b39aa46,https://www.lab-doxa.org.br/wp-content/uploads/2022/10/PV-DF2006.pdf,https://drive.google.com/file/d/1K6YaEVHdjTlZxp7ids-1C1tSECqMzLpr/view?usp=sharing
PV-DF2010.pdf,2719094,f6e6a66c00516ab88cf5363ef669c7d0b78457ef4cbf83d56b69f481abf0de31,https://www.lab-doxa.org.br/wp-content/uploads/2022/10/PV-DF2010.pdf,https://drive.google.com/file/d/1_UXo-asdcwzQPRdMyHoJZpNUZ75SF6io/view?usp=sharing
PV-DF2014.pdf,2725505,a772a6929c9144978e07980b1df4379978bab1d4da09a4d893d0568d69909151,https://www.lab-doxa.org.br/wp-content/uploads/2022/10/PV-DF2014.pdf,https://drive.google.com/file/d/1J9001YFaQczcQAce1exJ5h82266P2YKN/view?usp=sharing
SDD-DE2014.pdf,2719069,288f97fa6fce3166c9ecf895f37bb236ad48404c93d6119e914d62752e5d5b2b,https://www.lab-doxa.org.br/wp-content/uploads/2022/10/SDD-DE2014.pdf,https://drive.google.com/file/d/1O-xsygRKpxZgAE4i0hlgVIa6vm4yZ5TQ/view?usp=sharing
SDD-DF2014.pdf,3808328,03c302aa809b675ae1ed9cf9351b1a28c4cd2ecdfed23aaf459f3269dfcfae84,https://www.lab-doxa.org.br/wp-content/uploads/2022/10/SDD-DF2014.pdf,https://drive.google.com/file/d/1zQCybtOppKQL7uSdPxeelaH3QpCWEVj6/view?usp=sharing
g_1998.pdf,6810808,adabf1a6c0dd59fcf078eb5365dd92744ad2575541e062f42c1705a090141445,https://www.lab-doxa.org.br/wp-content/uploads/2022/10/g_1998.pdf,https://drive.google.com/file/d/1NQe_wzgqW4o5TwWxNnnaAH7txCrR3noN/view?usp=sharing
g_2002.pdf,7453834,31f86f2fe87f2e3af51ee5c473b1f10032d3f97ae1725e50a16c803add2730f1,https://www.lab-doxa.org.br/wp-content/uploads/2022/10/g_2002.pdf,https://drive.google.com/file/d/1gtW0oYlypBxVI2--lzUq9Zi0ld_l2mps/view?usp=sharing
g_2006.pdf,5947833,6a49a68e36e5e2addc2015093c14034457c07f9e1415ccf3536f270801d44c1e,https://www.lab-doxa.org.br/wp-content/uploads/2022/10/g_2006.pdf,https://drive.google.com/file/d/1bD3tWW0fKKTS8qUd1A59OEKYu_nYNi4j/view?usp=sharing
g_2010.pdf,5943812,c2f393376e3d83742499f651549873aaa4210b4abddf45c97ff6bf138726336f,https://www.lab-doxa.org.br/wp-content/uploads/2022/10/g_2010.pdf,https://drive.google.com/file/d/1k1h9WEJ0FNsCAdhNkZh1CwUdlcCNoNIf/view?usp=sharing
g_2014.pdf,6315732,047b61e943abaaf8aa11a301a53cf40e2dead234b4da87c6190da339717f8382,https://www.lab-doxa.org.br/wp-content/uploads/2022/10/g_2014.pdf,https://drive.google.com/file/d/1VdzqHTmND8N65z5KYcD1XhKWaM68VuWL/view?usp=sharing
p_1998.pdf,8161587,3aec42e3533ef896561763eb5097ff73c3353c926581d4cab3243fee1fe47ba3,https://www.lab-doxa.org.br/wp-content/uploads/2022/10/p_1998.pdf,https://drive.google.com/file/d/1nK2hMAK1F0K6lpa6f1zu54JuLbTbVenZ/view?usp=sharing
p_2002.pdf,7703400,2752028eff77d8f2073632d28b4b64603fd1d8395d1ddae087a6876947b08f21,https://www.lab-doxa.org.br/wp-content/uploads/2022/10/p_2002.pdf,https://drive.google.com/file/d/1kuaaIXQKtY31Lhh-K_22mPspwdd3xCV0/view?usp=sharing
p_2006.pdf,7305006,a8515e2b98bbfe92548bb2d94ef0ad3aca8d67667dab5daa98b30a0161d6f3dc,https://www.lab-doxa.org.br/wp-content/uploads/2022/10/p_2006.pdf,https://drive.google.com/file/d/1xjTYSnHKlYRovWUa9lQTUNJ9Kb8HUdiS/view?usp=sharing
p_2010.pdf,7231653,c4010ad4984e9978ea95ff6d8ade95235abfd311c70128367be02839416be26e,https://www.lab-doxa.org.br/wp-content/uploads/2022/10/p_2010.pdf,https://drive.google.com/file/d/1yE7CS1sX1AkA38S9HLLu6FkYlOJEt75D/view?usp=sharing
p_2014.pdf,7198440,b6a23573916e884099742410c9027b842ebf2cca56bf834c532490df72573844,https://www.lab-doxa.org.br/wp-content/uploads/2022/10/p_2014.pdf,https://drive.google.com/file/d/14ElCBwLb_ND6UhIAMXmZAy1fD7MhTM_5/view?usp=sharing
s_1998.pdf,6807407,fb61520b6f33d4385ffa2d6cb7d3164272bf9eb1d7ce9881b082d551bbb41bcc,https://www.lab-doxa.org.br/wp-content/uploads/2022/10/s_1998.pdf,https://drive.google.com/file/d/1Rvi8h8ycjuCCI5tKzobqvUr7yxq9sAnO/view?usp=sharing
s_2002.pdf,10582363,854534b972b6203bee0109d64bb25b363b710b3feb7dd81a2ba936b44b1c6487,https://www.lab-doxa.org.br/wp-content/uploads/2022/10/s_2002.pdf,https://drive.google.com/file/d/1U_eTQY8Z-ZMZt-4xc5xSY_scGzb89wYo/view?usp=sharing
s_2006.pdf,5941454,384436142c223e9f00d01fcf88e5eb0e51d532f0618965a721172d7301ce190b,https://www.lab-doxa.org.br/wp-content/uploads/2022/10/s_2006.pdf,https://drive.google.com/file/d/1DNInKU5Vur8a1OiD_hPeLlPErnt46eBm/view?usp=sharing
s_2010.pdf,9894740,413c1de26662c55cc3eafa9dc4ded5f6755798b8c02595963321173b5362d5c0,https://www.lab-doxa.org.br/wp-content/uploads/2022/10/s_2010.pdf,https://drive.google.com/file/d/1VTJgnpEFAaPkFNCQGPhJuZbUYAp7Sn7O/view?usp=sharing
s_2014.pdf,5934141,9727f17df16573afd31466b54c67c6d7537507168345492b2d1b882e5ea794f9,https://www.lab-doxa.org.br/wp-content/uploads/2022/10/s_2014.pdf,https://drive.google.com/file/d/1ZquPRQ6p-_ZH8NN_3J1xOFPvyT0MP9Zg/view?usp=sharing
